id_labor_nuevo,labor,faena_nueva,finca,codigo,tipo,precio,rendimiento
1,AF - BROTE 10,APLICACIONES,"Camino Truncado, Puente Alto y La Chimbera<br>El espejo<br>Predio test (cambiar Nombre)....<br>Secadero",CF003,Aplicación,"$ 0,00",0
2,AF - BROTE 20,APLICACIONES,"Camino Truncado, Puente Alto y La Chimbera<br>El espejo<br>Predio test (cambiar Nombre)....<br>Secadero",CF003,Aplicación,"$ 0,00",0
3,AF - BROTE 40,APLICACIONES,"Camino Truncado, Puente Alto y La Chimbera<br>El espejo<br>Predio test (cambiar Nombre)....<br>Secadero",CF003,Aplicación,"$ 0,00",0
4,AF - BROTE 60,APLICACIONES,"Camino Truncado, Puente Alto y La Chimbera<br>El espejo<br>Predio test (cambiar Nombre)....<br>Secadero",CF003,Aplicación,"$ 0,00",0
5,AF - COSECHA,APLICACIONES,"Camino Truncado, Puente Alto y La Chimbera<br>El espejo<br>Predio test (cambiar Nombre)....<br>Secadero",CF003,Aplicación,"$ 0,00",0
6,AF - COSECHA 1,APLICACIONES,"Camino Truncado, Puente Alto y La Chimbera<br>El espejo<br>Predio test (cambiar Nombre)....<br>Secadero",CF003,Aplicación,"$ 0,00",0
7,AF - COSECHA 2,APLICACIONES,"Camino Truncado, Puente Alto y La Chimbera<br>El espejo<br>Predio test (cambiar Nombre)....<br>Secadero",CF003,Aplicación,"$ 0,00",0
8,AF - ENVERO,APLICACIONES,"Camino Truncado, Puente Alto y La Chimbera<br>El espejo<br>Predio test (cambiar Nombre)....<br>Secadero",CF003,Aplicación,"$ 0,00",0
9,AF - FLOR,APLICACIONES,"Camino Truncado, Puente Alto y La Chimbera<br>El espejo<br>Predio test (cambiar Nombre)....<br>Secadero",CF003,Aplicación,"$ 0,00",0
10,AF - FLOR 1,APLICACIONES,"Camino Truncado, Puente Alto y La Chimbera<br>El espejo<br>Predio test (cambiar Nombre)....<br>Secadero",CF003,Aplicación,"$ 0,00",0
11,AF - G 8-10 MM,APLICACIONES,"Camino Truncado, Puente Alto y La Chimbera<br>El espejo<br>Predio test (cambiar Nombre)....<br>Secadero",CF003,Aplicación,"$ 0,00",0
12,AF - G. PIMIENTA,APLICACIONES,"Camino Truncado, Puente Alto y La Chimbera<br>El espejo<br>Predio test (cambiar Nombre)....<br>Secadero",CF003,Aplicación,"$ 0,00",0
13,AF - POST-COSECHA,APLICACIONES,"Camino Truncado, Puente Alto y La Chimbera<br>El espejo<br>Predio test (cambiar Nombre)....<br>Secadero",CF003,Aplicación,"$ 0,00",0
14,AF - POST-COSECHA 1,APLICACIONES,"Camino Truncado, Puente Alto y La Chimbera<br>El espejo<br>Predio test (cambiar Nombre)....<br>Secadero",CF003,Aplicación,"$ 0,00",0
15,AF - POST-COSECHA 2,APLICACIONES,"Camino Truncado, Puente Alto y La Chimbera<br>El espejo<br>Predio test (cambiar Nombre)....<br>Secadero",CF003,Aplicación,"$ 0,00",0
16,AF - POST-COSECHA 3,APLICACIONES,"Camino Truncado, Puente Alto y La Chimbera<br>El espejo<br>Predio test (cambiar Nombre)....<br>Secadero",CF003,Aplicación,"$ 0,00",0
17,AF - PRE-ENVERO,APLICACIONES,"Camino Truncado, Puente Alto y La Chimbera<br>El espejo<br>Predio test (cambiar Nombre)....<br>Secadero",CF003,Aplicación,"$ 0,00",0
18,AF - PRE-ENVERO 1,APLICACIONES,"Camino Truncado, Puente Alto y La Chimbera<br>El espejo<br>Predio test (cambiar Nombre)....<br>Secadero",CF003,Aplicación,"$ 0,00",0
19,AF - PRECOSECHA,APLICACIONES,"Camino Truncado, Puente Alto y La Chimbera<br>El espejo<br>Predio test (cambiar Nombre)....<br>Secadero",CF003,Aplicación,"$ 0,00",0
20,AF - PREFLOR,APLICACIONES,"Camino Truncado, Puente Alto y La Chimbera<br>El espejo<br>Predio test (cambiar Nombre)....<br>Secadero",CF003,Aplicación,"$ 0,00",0
21,COMPLETO,APLICACIONES,"Camino Truncado, Puente Alto y La Chimbera<br>El espejo<br>Predio test (cambiar Nombre)....<br>Secadero",CF003,Aplicación,"$ 0,00",0
22,DESMANCHE,APLICACIONES,"Camino Truncado, Puente Alto y La Chimbera<br>El espejo<br>Predio test (cambiar Nombre)....<br>Secadero",CF003,Aplicación,"$ 0,00",0
23,DOSIFICADOR,APLICACIONES,"Camino Truncado, Puente Alto y La Chimbera<br>El espejo<br>Predio test (cambiar Nombre)....<br>Secadero",CF003,Aplicación,"$ 0,00",0
24,F-BROTACIÓN–FLORACIÓN,APLICACIONES,"Camino Truncado, Puente Alto y La Chimbera<br>El espejo<br>Predio test (cambiar Nombre)....<br>Secadero",CF003,Aplicación,"$ 0,00",0
25,F-COSECHA–POSTCOSECHA,APLICACIONES,"Camino Truncado, Puente Alto y La Chimbera<br>El espejo<br>Predio test (cambiar Nombre)....<br>Secadero",CF003,Aplicación,"$ 0,00",0
26,F-ENVERO–COSECHA,APLICACIONES,"Camino Truncado, Puente Alto y La Chimbera<br>El espejo<br>Predio test (cambiar Nombre)....<br>Secadero",CF003,Aplicación,"$ 0,00",0
27,F-FLORACIÓN–ENVERO,APLICACIONES,"Camino Truncado, Puente Alto y La Chimbera<br>El espejo<br>Predio test (cambiar Nombre)....<br>Secadero",CF003,Aplicación,"$ 0,00",0
28,FITOSANITARIO,APLICACIONES,"Camino Truncado, Puente Alto y La Chimbera<br>El espejo<br>Predio test (cambiar Nombre)....<br>Secadero",CF003,Aplicación,"$ 0,00",0
29,HERBICIDA ATOMIZADORA,APLICACIONES,"Camino Truncado, Puente Alto y La Chimbera<br>El espejo<br>Predio test (cambiar Nombre)....<br>Secadero",CF003,Aplicación,"$ 0,00",0
30,HERBICIDA MOCHILA,APLICACIONES,"Camino Truncado, Puente Alto y La Chimbera<br>El espejo<br>Predio test (cambiar Nombre)....<br>Secadero",CF003,Aplicación,"$ 0,00",0
31,LA BANDA,APLICACIONES,"Camino Truncado, Puente Alto y La Chimbera<br>El espejo<br>Predio test (cambiar Nombre)....<br>Secadero",CF003,Aplicación,"$ 0,00",0
32,NO USAR  AF - 27,APLICACIONES,"Camino Truncado, Puente Alto y La Chimbera<br>El espejo<br>Predio test (cambiar Nombre)....<br>Secadero",CF003,Aplicación,"$ 0,00",0
33,RIENDAS,APLICACIONES,"Camino Truncado, Puente Alto y La Chimbera<br>El espejo<br>Predio test (cambiar Nombre)....<br>Secadero",CF003,Aplicación,"$ 0,00",0
34,ATADA,ATADA,"Camino Truncado, Puente Alto y La Chimbera<br>El espejo<br>Predio test (cambiar Nombre)....",CF002,Labor Agrícola,"$ 0,00",0
35,ATADA BARBECHO,ATADA,"Camino Truncado, Puente Alto y La Chimbera<br>El espejo<br>Predio test (cambiar Nombre)....",CF002,Labor Agrícola,"$ 0,00",0
36,ATADA DE INJERTO 1,ATADA,"Camino Truncado, Puente Alto y La Chimbera<br>El espejo<br>Predio test (cambiar Nombre)....",CF002,Labor Agrícola,"$ 0,00",0
37,ATADA DE INJERTO 2,ATADA,"Camino Truncado, Puente Alto y La Chimbera<br>El espejo<br>Predio test (cambiar Nombre)....",CF002,Labor Agrícola,"$ 0,00",0
38,ATADA DE INJERTO 3,ATADA,"Camino Truncado, Puente Alto y La Chimbera<br>El espejo<br>Predio test (cambiar Nombre)....",CF002,Labor Agrícola,"$ 0,00",0
39,ATADO CUERPO CEPA,ATADA,"Camino Truncado, Puente Alto y La Chimbera<br>El espejo<br>Predio test (cambiar Nombre)....",CF002,Labor Agrícola,"$ 0,00",0
40,COLGAR PLANTA,ATADA,"Camino Truncado, Puente Alto y La Chimbera<br>El espejo<br>Predio test (cambiar Nombre)....",CF002,Labor Agrícola,"$ 0,00",0
41,SUPERVISIÓN ATADA,ATADA,"Camino Truncado, Puente Alto y La Chimbera<br>El espejo<br>Predio test (cambiar Nombre)....",CF002,Labor Agrícola,"$ 0,00",0
42,ANOTADOR COSECHA,COSECHA,"Camino Truncado, Puente Alto y La Chimbera<br>El espejo<br>Predio test (cambiar Nombre)....",CF005,Cosecha,"$ 0,00",0
43,CONTEO Y SUPERVICÓN COSECHA,COSECHA,"Camino Truncado, Puente Alto y La Chimbera<br>El espejo<br>Predio test (cambiar Nombre)....<br>Secadero",,Labor Agrícola,"$ 0,00",0
44,CONTROL,COSECHA,"Camino Truncado, Puente Alto y La Chimbera<br>El espejo<br>Predio test (cambiar Nombre)....",CF005,Cosecha,"$ 0,00",0
45,CORTE DOV,COSECHA,"Camino Truncado, Puente Alto y La Chimbera<br>El espejo<br>Predio test (cambiar Nombre)....",CF005,Cosecha,"$ 0,00",0
46,COSECHA AL DIA,COSECHA,"Camino Truncado, Puente Alto y La Chimbera<br>El espejo<br>Predio test (cambiar Nombre)....<br>Secadero",,Labor Agrícola,"$ 0,00",0
47,COSECHA BINES,COSECHA,"Camino Truncado, Puente Alto y La Chimbera<br>El espejo<br>Predio test (cambiar Nombre)....",CF005,Cosecha,"$ 300,00",0
48,COSECHA BINS (DIA),COSECHA,"Camino Truncado, Puente Alto y La Chimbera<br>El espejo<br>Predio test (cambiar Nombre)....",CF005,Cosecha,"$ 0,00",0
49,COSECHA CAJONES,COSECHA,"Camino Truncado, Puente Alto y La Chimbera<br>El espejo<br>Predio test (cambiar Nombre)....",CF005,Cosecha,"$ 0,00",0
50,COSECHA CARRO,COSECHA,"Camino Truncado, Puente Alto y La Chimbera<br>El espejo<br>Predio test (cambiar Nombre)....",CF005,Cosecha,"$ 0,00",0
51,COSECHA DOV,COSECHA,"Camino Truncado, Puente Alto y La Chimbera<br>El espejo<br>Predio test (cambiar Nombre)....",CF005,Cosecha,"$ 0,00",0
52,COSECHA DOV BINS,COSECHA,"Camino Truncado, Puente Alto y La Chimbera<br>El espejo<br>Predio test (cambiar Nombre)....",CF005,Cosecha,"$ 0,00",0
53,COSECHA GAMELAS,COSECHA,"Camino Truncado, Puente Alto y La Chimbera<br>El espejo<br>Predio test (cambiar Nombre)....",CF005,Cosecha,"$ 0,00",0
54,COSECHA KG 1,COSECHA,"Camino Truncado, Puente Alto y La Chimbera<br>El espejo<br>Predio test (cambiar Nombre)....",CF005,Cosecha,"$ 0,00",0
55,COSECHA KG 2,COSECHA,"Camino Truncado, Puente Alto y La Chimbera<br>El espejo<br>Predio test (cambiar Nombre)....",CF005,Cosecha,"$ 0,00",0
56,COSECHA KG 3,COSECHA,"Camino Truncado, Puente Alto y La Chimbera<br>El espejo<br>Predio test (cambiar Nombre)....",CF005,Cosecha,"$ 0,00",0
57,COSECHA KG 4,COSECHA,"Camino Truncado, Puente Alto y La Chimbera<br>El espejo<br>Predio test (cambiar Nombre)....",CF005,Cosecha,"$ 0,00",0
58,COSECHA KG 5,COSECHA,"Camino Truncado, Puente Alto y La Chimbera<br>El espejo<br>Predio test (cambiar Nombre)....",CF005,Cosecha,"$ 0,00",0
59,COSECHA MECANICA,COSECHA,"Camino Truncado, Puente Alto y La Chimbera<br>El espejo<br>Predio test (cambiar Nombre)....",CF005,Cosecha,"$ 0,00",0
60,COSECHA REPASO,COSECHA,"Camino Truncado, Puente Alto y La Chimbera<br>El espejo<br>Predio test (cambiar Nombre)....",CF005,Cosecha,"$ 0,00",0
61,COSECHA REPASO BINS,COSECHA,"Camino Truncado, Puente Alto y La Chimbera<br>El espejo<br>Predio test (cambiar Nombre)....",CF005,Cosecha,"$ 0,00",0
62,ENCARGADO,COSECHA,"Camino Truncado, Puente Alto y La Chimbera<br>El espejo<br>Predio test (cambiar Nombre)....",CF005,Cosecha,"$ 0,00",0
63,FICHERO,COSECHA,"Camino Truncado, Puente Alto y La Chimbera<br>El espejo<br>Predio test (cambiar Nombre)....",CF005,Cosecha,"$ 0,00",0
64,FICHERO,COSECHA,"Camino Truncado, Puente Alto y La Chimbera<br>El espejo<br>Predio test (cambiar Nombre)....<br>Secadero",,Labor Agrícola,"$ 0,00",0
65,LEVANTADO 1,COSECHA,"Camino Truncado, Puente Alto y La Chimbera<br>El espejo<br>Predio test (cambiar Nombre)....",CF005,Cosecha,"$ 0,00",0
66,LEVANTADO 2,COSECHA,"Camino Truncado, Puente Alto y La Chimbera<br>El espejo<br>Predio test (cambiar Nombre)....",CF005,Cosecha,"$ 0,00",0
67,LEVANTADO 3,COSECHA,"Camino Truncado, Puente Alto y La Chimbera<br>El espejo<br>Predio test (cambiar Nombre)....",CF005,Cosecha,"$ 0,00",0
68,LEVANTADO 4,COSECHA,"Camino Truncado, Puente Alto y La Chimbera<br>El espejo<br>Predio test (cambiar Nombre)....",CF005,Cosecha,"$ 0,00",0
69,LEVANTADO 5,COSECHA,"Camino Truncado, Puente Alto y La Chimbera<br>El espejo<br>Predio test (cambiar Nombre)....",CF005,Cosecha,"$ 0,00",0
70,LIMPIEZA BINS,COSECHA,"Camino Truncado, Puente Alto y La Chimbera<br>El espejo<br>Predio test (cambiar Nombre)....",CF005,Cosecha,"$ 0,00",0
71,LIMPIEZA CAJONES,COSECHA,"Camino Truncado, Puente Alto y La Chimbera<br>El espejo<br>Predio test (cambiar Nombre)....",CF005,Cosecha,"$ 0,00",0
72,REPARACION ENVASES,COSECHA,"Camino Truncado, Puente Alto y La Chimbera<br>El espejo<br>Predio test (cambiar Nombre)....",CF005,Cosecha,"$ 0,00",0
73,SUPERVISION COSECHA,COSECHA,"Camino Truncado, Puente Alto y La Chimbera<br>El espejo<br>Predio test (cambiar Nombre)....",CF005,Cosecha,"$ 0,00",0
74,TENDIDO 1,COSECHA,"Camino Truncado, Puente Alto y La Chimbera<br>El espejo<br>Predio test (cambiar Nombre)....",CF005,Cosecha,"$ 0,00",0
75,TENDIDO 2,COSECHA,"Camino Truncado, Puente Alto y La Chimbera<br>El espejo<br>Predio test (cambiar Nombre)....",CF005,Cosecha,"$ 0,00",0
76,TENDIDO 3,COSECHA,"Camino Truncado, Puente Alto y La Chimbera<br>El espejo<br>Predio test (cambiar Nombre)....",CF005,Cosecha,"$ 0,00",0
77,TENDIDO 4,COSECHA,"Camino Truncado, Puente Alto y La Chimbera<br>El espejo<br>Predio test (cambiar Nombre)....",CF005,Cosecha,"$ 0,00",0
78,TRACTO ELEVADOR,COSECHA,"Camino Truncado, Puente Alto y La Chimbera<br>El espejo<br>Predio test (cambiar Nombre)....",CF005,Cosecha,"$ 0,00",0
79,TRACTO ELEVADOR,COSECHA,"Camino Truncado, Puente Alto y La Chimbera<br>El espejo<br>Predio test (cambiar Nombre)....<br>Secadero",,Labor Agrícola,"$ 0,00",0
80,TRACTORISTA  ACOPLADO,COSECHA,"Camino Truncado, Puente Alto y La Chimbera<br>El espejo<br>Predio test (cambiar Nombre)....",CF005,Cosecha,"$ 0,00",0
81,TRACTORISTA CARRO,COSECHA,"Camino Truncado, Puente Alto y La Chimbera<br>El espejo<br>Predio test (cambiar Nombre)....",CF005,Cosecha,"$ 0,00",0
82,TRACTORISTA CARRO,COSECHA,"Camino Truncado, Puente Alto y La Chimbera<br>El espejo<br>Predio test (cambiar Nombre)....<br>Secadero",,Labor Agrícola,"$ 0,00",0
83,TRACTORISTA REGADOR,COSECHA,"Camino Truncado, Puente Alto y La Chimbera<br>El espejo<br>Predio test (cambiar Nombre)....",CF005,Cosecha,"$ 0,00",0
84,TRACTORISTA UÑA,COSECHA,"Camino Truncado, Puente Alto y La Chimbera<br>El espejo<br>Predio test (cambiar Nombre)....<br>Secadero",,Labor Agrícola,"$ 0,00",0
85,TRACTORISTA UÑAS,COSECHA,"Camino Truncado, Puente Alto y La Chimbera<br>El espejo<br>Predio test (cambiar Nombre)....",CF005,Cosecha,"$ 0,00",0
86,ARMADO DE PAQUETE,INJERTO,"Camino Truncado, Puente Alto y La Chimbera<br>El espejo<br>Predio test (cambiar Nombre)....",,Labor Agrícola,"$ 0,00",0
87,CORTE DE CINTA,INJERTO,"Camino Truncado, Puente Alto y La Chimbera<br>El espejo<br>Predio test (cambiar Nombre)....",,Labor Agrícola,"$ 0,00",0
88,INJERTO,INJERTO,"Camino Truncado, Puente Alto y La Chimbera<br>El espejo<br>Predio test (cambiar Nombre)....",,Labor Agrícola,"$ 0,00",0
89,PREPARACION DE PLANTA,INJERTO,"Camino Truncado, Puente Alto y La Chimbera<br>El espejo<br>Predio test (cambiar Nombre)....",,Labor Agrícola,"$ 0,00",0
90,RECOLECCION DE MATERIAL,INJERTO,"Camino Truncado, Puente Alto y La Chimbera<br>El espejo<br>Predio test (cambiar Nombre)....",,Labor Agrícola,"$ 0,00",0
91,REPASO INJERTO,INJERTO,"Camino Truncado, Puente Alto y La Chimbera<br>El espejo<br>Predio test (cambiar Nombre)....",,Labor Agrícola,"$ 0,00",0
92,ARMAR Y DESARMAR BORDOS,LABORES MECANICA,"Camino Truncado, Puente Alto y La Chimbera<br>El espejo<br>Predio test (cambiar Nombre)....<br>Secadero",CF008,Labor Agrícola,"$ 0,00",0
93,ATOMIZADORA 1,LABORES MECANICA,"Camino Truncado, Puente Alto y La Chimbera<br>El espejo<br>Predio test (cambiar Nombre)....<br>Secadero",CF008,Labor Agrícola,"$ 0,00",0
94,ATOMIZADORA 2,LABORES MECANICA,"Camino Truncado, Puente Alto y La Chimbera<br>El espejo<br>Predio test (cambiar Nombre)....<br>Secadero",CF008,Labor Agrícola,"$ 0,00",0
95,ATOMIZADORA 3,LABORES MECANICA,"Camino Truncado, Puente Alto y La Chimbera<br>El espejo<br>Predio test (cambiar Nombre)....<br>Secadero",CF008,Labor Agrícola,"$ 0,00",0
96,ATOMIZADORA 4,LABORES MECANICA,"Camino Truncado, Puente Alto y La Chimbera<br>El espejo<br>Predio test (cambiar Nombre)....<br>Secadero",CF008,Labor Agrícola,"$ 0,00",0
97,CINCELAR,LABORES MECANICA,"Camino Truncado, Puente Alto y La Chimbera<br>El espejo<br>Predio test (cambiar Nombre)....<br>Secadero",CF008,Labor Agrícola,"$ 0,00",0
98,NIVELETA,LABORES MECANICA,"Camino Truncado, Puente Alto y La Chimbera<br>El espejo<br>Predio test (cambiar Nombre)....<br>Secadero",CF008,Labor Agrícola,"$ 0,00",0
99,PREPODA,LABORES MECANICA,"Camino Truncado, Puente Alto y La Chimbera<br>El espejo<br>Predio test (cambiar Nombre)....<br>Secadero",CF008,Labor Agrícola,"$ 0,00",0
100,RASTREAR,LABORES MECANICA,"Camino Truncado, Puente Alto y La Chimbera<br>El espejo<br>Predio test (cambiar Nombre)....<br>Secadero",CF008,Labor Agrícola,"$ 0,00",0
101,SUBSOLAR,LABORES MECANICA,"Camino Truncado, Puente Alto y La Chimbera<br>El espejo<br>Predio test (cambiar Nombre)....<br>Secadero",CF008,Labor Agrícola,"$ 0,00",0
102,TRACTO ELEVADOR,LABORES MECANICA,"Camino Truncado, Puente Alto y La Chimbera<br>El espejo<br>Predio test (cambiar Nombre)....<br>Secadero",CF008,Labor Agrícola,"$ 0,00",0
103,TRACTORISTA CARRO,LABORES MECANICA,"Camino Truncado, Puente Alto y La Chimbera<br>El espejo<br>Predio test (cambiar Nombre)....<br>Secadero",CF008,Labor Agrícola,"$ 0,00",0
104,TRACTORISTA DESMALEZADOR,LABORES MECANICA,"Camino Truncado, Puente Alto y La Chimbera<br>El espejo<br>Predio test (cambiar Nombre)....<br>Secadero",CF008,Labor Agrícola,"$ 0,00",0
105,TRACTORISTA GENERAL,LABORES MECANICA,"Camino Truncado, Puente Alto y La Chimbera<br>El espejo<br>Predio test (cambiar Nombre)....<br>Secadero",CF008,Labor Agrícola,"$ 0,00",0
106,TRACTORISTA HERBICIDA,LABORES MECANICA,"Camino Truncado, Puente Alto y La Chimbera<br>El espejo<br>Predio test (cambiar Nombre)....<br>Secadero",CF008,Labor Agrícola,"$ 0,00",0
107,TRITURADO DE  SARMIENTO,LABORES MECANICA,"Camino Truncado, Puente Alto y La Chimbera<br>El espejo<br>Predio test (cambiar Nombre)....<br>Secadero",CF008,Labor Agrícola,"$ 0,00",0
108,TRITURADO DE MALEZAS,LABORES MECANICA,"Camino Truncado, Puente Alto y La Chimbera<br>El espejo<br>Predio test (cambiar Nombre)....<br>Secadero",CF008,Labor Agrícola,"$ 0,00",0
109,UÑAS,LABORES MECANICA,"Camino Truncado, Puente Alto y La Chimbera<br>El espejo<br>Predio test (cambiar Nombre)....<br>Secadero",CF008,Labor Agrícola,"$ 0,00",0
110,VOLCADOR BINS,LABORES MECANICA,"Camino Truncado, Puente Alto y La Chimbera<br>El espejo<br>Predio test (cambiar Nombre)....<br>Secadero",CF008,Labor Agrícola,"$ 0,00",0
111,ZANJEAR,LABORES MECANICA,"Camino Truncado, Puente Alto y La Chimbera<br>El espejo<br>Predio test (cambiar Nombre)....<br>Secadero",CF008,Labor Agrícola,"$ 0,00",0
112,ACARREO DE MADERA,MANTENCION DE ESTRUCTURA,"Camino Truncado, Puente Alto y La Chimbera<br>El espejo<br>Predio test (cambiar Nombre)....", CF006,Labor Agrícola,"$ 0,00",0
113,ARMAR PARRALES,MANTENCION DE ESTRUCTURA,"Camino Truncado, Puente Alto y La Chimbera<br>El espejo<br>Predio test (cambiar Nombre)....", CF006,Labor Agrícola,"$ 0,00",0
114,ARREGLO ALAMBRADO PERIMETRAL,MANTENCION DE ESTRUCTURA,"Camino Truncado, Puente Alto y La Chimbera<br>El espejo<br>Predio test (cambiar Nombre)....", CF006,Labor Agrícola,"$ 0,00",0
115,CABRAS,MANTENCION DE ESTRUCTURA,"Camino Truncado, Puente Alto y La Chimbera<br>El espejo<br>Predio test (cambiar Nombre)....", CF006,Labor Agrícola,"$ 0,00",0
116,COLOCACIÓN DE ALAMBRES,MANTENCION DE ESTRUCTURA,"Camino Truncado, Puente Alto y La Chimbera<br>El espejo<br>Predio test (cambiar Nombre)....", CF006,Labor Agrícola,"$ 0,00",0
117,DESARMAR PARRALES,MANTENCION DE ESTRUCTURA,"Camino Truncado, Puente Alto y La Chimbera<br>El espejo<br>Predio test (cambiar Nombre)....", CF006,Labor Agrícola,"$ 0,00",0
118,LIMPIEZA CANALES Y DESAGUES,MANTENCION DE ESTRUCTURA,"Camino Truncado, Puente Alto y La Chimbera<br>El espejo<br>Predio test (cambiar Nombre)....", CF006,Labor Agrícola,"$ 0,00",0
119,MANTENCION CAMINOS,MANTENCION DE ESTRUCTURA,"Camino Truncado, Puente Alto y La Chimbera<br>El espejo<br>Predio test (cambiar Nombre)....", CF006,Labor Agrícola,"$ 0,00",0
120,MANTENCION Y REPARACION ESTRUCTURA,MANTENCION DE ESTRUCTURA,"Camino Truncado, Puente Alto y La Chimbera<br>El espejo<br>Predio test (cambiar Nombre)....", CF006,Labor Agrícola,"$ 0,00",0
121,MANTENIMIENTO DE EDIFICIOS,MANTENCION DE ESTRUCTURA,"Camino Truncado, Puente Alto y La Chimbera<br>El espejo<br>Predio test (cambiar Nombre)....", CF006,Labor Agrícola,"$ 0,00",0
122,APLICACION DE PRODUCTO CON MOCHILA,OTRAS LABORES,"Camino Truncado, Puente Alto y La Chimbera<br>El espejo<br>Predio test (cambiar Nombre)....", CF007,Labor Agrícola,"$ 0,00",0
123,CALICATA,OTRAS LABORES,"Camino Truncado, Puente Alto y La Chimbera<br>El espejo<br>Predio test (cambiar Nombre)....", CF007,Labor Agrícola,"$ 0,00",0
124,CAPACITACION DE PERSONAL,OTRAS LABORES,"Camino Truncado, Puente Alto y La Chimbera<br>El espejo<br>Predio test (cambiar Nombre)....", CF007,Labor Agrícola,"$ 0,00",0
125,"CONTEO,MONITOREO,MUESTREO",OTRAS LABORES,"Camino Truncado, Puente Alto y La Chimbera<br>El espejo<br>Predio test (cambiar Nombre)....", CF007,Labor Agrícola,"$ 0,00",0
126,CONTROL MALEZA,OTRAS LABORES,"Camino Truncado, Puente Alto y La Chimbera<br>El espejo<br>Predio test (cambiar Nombre)....", CF007,Labor Agrícola,"$ 0,00",0
127,COSECHA BINS (DIA),OTRAS LABORES,"Camino Truncado, Puente Alto y La Chimbera<br>El espejo<br>Predio test (cambiar Nombre)....", CF007,Labor Agrícola,"$ 0,00",0
128,DESCARGA DE CAMION,OTRAS LABORES,"Camino Truncado, Puente Alto y La Chimbera<br>El espejo<br>Predio test (cambiar Nombre)....", CF007,Labor Agrícola,"$ 0,00",0
129,DESMALEZAMIENTO MANUAL 1,OTRAS LABORES,"Camino Truncado, Puente Alto y La Chimbera<br>El espejo<br>Predio test (cambiar Nombre)....", CF007,Labor Agrícola,"$ 0,00",0
130,DESMALEZAMIENTO MANUAL 2,OTRAS LABORES,"Camino Truncado, Puente Alto y La Chimbera<br>El espejo<br>Predio test (cambiar Nombre)....", CF007,Labor Agrícola,"$ 0,00",0
131,DESMALEZAMIENTO MANUAL 3,OTRAS LABORES,"Camino Truncado, Puente Alto y La Chimbera<br>El espejo<br>Predio test (cambiar Nombre)....", CF007,Labor Agrícola,"$ 0,00",0
132,DESMALEZAMIENTO MANUAL 4,OTRAS LABORES,"Camino Truncado, Puente Alto y La Chimbera<br>El espejo<br>Predio test (cambiar Nombre)....", CF007,Labor Agrícola,"$ 0,00",0
133,"DESNIETE, DESHOJE",OTRAS LABORES,"Camino Truncado, Puente Alto y La Chimbera<br>El espejo<br>Predio test (cambiar Nombre)....", CF007,Labor Agrícola,"$ 0,00",0
134,DOSIFICADORES,OTRAS LABORES,"Camino Truncado, Puente Alto y La Chimbera<br>El espejo<br>Predio test (cambiar Nombre)....", CF007,Labor Agrícola,"$ 0,00",0
135,ENCARGADO,OTRAS LABORES,"Camino Truncado, Puente Alto y La Chimbera<br>El espejo<br>Predio test (cambiar Nombre)....", CF007,Labor Agrícola,"$ 0,00",0
136,FALTA SIN AVISO,OTRAS LABORES,"Camino Truncado, Puente Alto y La Chimbera<br>El espejo<br>Predio test (cambiar Nombre)....", CF007,Labor Agrícola,"$ 0,00",0
137,FALTAS JUSTIFICADAS,OTRAS LABORES,"Camino Truncado, Puente Alto y La Chimbera<br>El espejo<br>Predio test (cambiar Nombre)....", CF007,Labor Agrícola,"$ 0,00",0
138,FERIADO,OTRAS LABORES,"Camino Truncado, Puente Alto y La Chimbera<br>El espejo<br>Predio test (cambiar Nombre)....", CF007,Labor Agrícola,"$ 0,00",0
139,FERTILIZACION MANUAL,OTRAS LABORES,"Camino Truncado, Puente Alto y La Chimbera<br>El espejo<br>Predio test (cambiar Nombre)....", CF007,Labor Agrícola,"$ 0,00",0
140,HELADAS,OTRAS LABORES,"Camino Truncado, Puente Alto y La Chimbera<br>El espejo<br>Predio test (cambiar Nombre)....", CF007,Labor Agrícola,"$ 0,00",0
141,HORMIGAS,OTRAS LABORES,"Camino Truncado, Puente Alto y La Chimbera<br>El espejo<br>Predio test (cambiar Nombre)....", CF007,Labor Agrícola,"$ 0,00",0
142,INASISTENCIA,OTRAS LABORES,"Camino Truncado, Puente Alto y La Chimbera<br>El espejo<br>Predio test (cambiar Nombre)....", CF007,Labor Agrícola,"$ 0,00",0
143,INSTALACION SIST. DE RIEGO,OTRAS LABORES,"Camino Truncado, Puente Alto y La Chimbera<br>El espejo<br>Predio test (cambiar Nombre)....", CF007,Labor Agrícola,"$ 0,00",0
144,JARDINERIA,OTRAS LABORES,"Camino Truncado, Puente Alto y La Chimbera<br>El espejo<br>Predio test (cambiar Nombre)....", CF007,Labor Agrícola,"$ 0,00",0
145,LABORES ADM Y SUPERVISION,OTRAS LABORES,"Camino Truncado, Puente Alto y La Chimbera<br>El espejo<br>Predio test (cambiar Nombre)....", CF007,Labor Agrícola,"$ 0,00",0
146,LEVANTAR MANGUERAS,OTRAS LABORES,"Camino Truncado, Puente Alto y La Chimbera<br>El espejo<br>Predio test (cambiar Nombre)....", CF007,Labor Agrícola,"$ 0,00",0
147,LIMPIEZA Y ASEO,OTRAS LABORES,"Camino Truncado, Puente Alto y La Chimbera<br>El espejo<br>Predio test (cambiar Nombre)....", CF007,Labor Agrícola,"$ 0,00",0
148,LLUVIA,OTRAS LABORES,"Camino Truncado, Puente Alto y La Chimbera<br>El espejo<br>Predio test (cambiar Nombre)....", CF007,Labor Agrícola,"$ 0,00",0
149,MOVIMIENTO INTERNO,OTRAS LABORES,"Camino Truncado, Puente Alto y La Chimbera<br>El espejo<br>Predio test (cambiar Nombre)....", CF007,Labor Agrícola,"$ 0,00",0
150,OTRAS LABORES,OTRAS LABORES,"Camino Truncado, Puente Alto y La Chimbera<br>El espejo<br>Predio test (cambiar Nombre)....", CF007,Labor Agrícola,"$ 0,00",0
151,OTROS REMUNERACIONES,OTRAS LABORES,"Camino Truncado, Puente Alto y La Chimbera<br>El espejo<br>Predio test (cambiar Nombre)....", CF007,Labor Agrícola,"$ 0,00",0
152,PARTE ENFERMO,OTRAS LABORES,"Camino Truncado, Puente Alto y La Chimbera<br>El espejo<br>Predio test (cambiar Nombre)....", CF007,Labor Agrícola,"$ 0,00",0
153,PLANTACION FISICA,OTRAS LABORES,"Camino Truncado, Puente Alto y La Chimbera<br>El espejo<br>Predio test (cambiar Nombre)....", CF007,Labor Agrícola,"$ 0,00",0
154,PLASTICO,OTRAS LABORES,"Camino Truncado, Puente Alto y La Chimbera<br>El espejo<br>Predio test (cambiar Nombre)....", CF007,Labor Agrícola,"$ 0,00",0
155,REPARACION BINS,OTRAS LABORES,"Camino Truncado, Puente Alto y La Chimbera<br>El espejo<br>Predio test (cambiar Nombre)....", CF007,Labor Agrícola,"$ 0,00",0
156,REPLANTADO,OTRAS LABORES,"Camino Truncado, Puente Alto y La Chimbera<br>El espejo<br>Predio test (cambiar Nombre)....", CF007,Labor Agrícola,"$ 0,00",0
157,SEGURIDAD,OTRAS LABORES,"Camino Truncado, Puente Alto y La Chimbera<br>El espejo<br>Predio test (cambiar Nombre)....", CF007,Labor Agrícola,"$ 0,00",0
158,SIEMBRA VERDEO,OTRAS LABORES,"Camino Truncado, Puente Alto y La Chimbera<br>El espejo<br>Predio test (cambiar Nombre)....", CF007,Labor Agrícola,"$ 0,00",0
159,SUSPENSION,OTRAS LABORES,"Camino Truncado, Puente Alto y La Chimbera<br>El espejo<br>Predio test (cambiar Nombre)....", CF007,Labor Agrícola,"$ 0,00",0
160,TALLER,OTRAS LABORES,"Camino Truncado, Puente Alto y La Chimbera<br>El espejo<br>Predio test (cambiar Nombre)....", CF007,Labor Agrícola,"$ 0,00",0
161,"TRASLADO DE MAQUINARIA, INSUM",OTRAS LABORES,"Camino Truncado, Puente Alto y La Chimbera<br>El espejo<br>Predio test (cambiar Nombre)....", CF007,Labor Agrícola,"$ 0,00",0
162,VACACIONES,OTRAS LABORES,"Camino Truncado, Puente Alto y La Chimbera<br>El espejo<br>Predio test (cambiar Nombre)....", CF007,Labor Agrícola,"$ 0,00",0
163,ARMADO DE PLANTAS,PLANTACIONES,"Camino Truncado, Puente Alto y La Chimbera<br>El espejo",,Labor Agrícola,"$ 0,00",0
164,DESBROTE DE PLANTAS NUEVAS 1,PLANTACIONES,"Camino Truncado, Puente Alto y La Chimbera<br>El espejo",,Labor Agrícola,"$ 0,00",0
165,DESBROTE DE PLANTAS NUEVAS 2,PLANTACIONES,"Camino Truncado, Puente Alto y La Chimbera<br>El espejo",,Labor Agrícola,"$ 0,00",0
166,DESBROTE DE PLANTAS NUEVAS 3,PLANTACIONES,"Camino Truncado, Puente Alto y La Chimbera<br>El espejo",,Labor Agrícola,"$ 0,00",0
167,DESBROTE DE PLANTAS NUEVAS 4,PLANTACIONES,"Camino Truncado, Puente Alto y La Chimbera<br>El espejo",,Labor Agrícola,"$ 0,00",0
168,DESBROTE DE PLANTAS NUEVAS 5,PLANTACIONES,"Camino Truncado, Puente Alto y La Chimbera<br>El espejo",,Labor Agrícola,"$ 0,00",0
169,DESBROTE DE PLANTAS NUEVAS 6,PLANTACIONES,"Camino Truncado, Puente Alto y La Chimbera<br>El espejo",,Labor Agrícola,"$ 0,00",0
170,DESBROTE DE PLANTAS NUEVAS 7,PLANTACIONES,"Camino Truncado, Puente Alto y La Chimbera<br>El espejo",,Labor Agrícola,"$ 0,00",0
171,DESBROTE DE PLANTAS NUEVAS 8,PLANTACIONES,"Camino Truncado, Puente Alto y La Chimbera<br>El espejo",,Labor Agrícola,"$ 0,00",0
172,DESBROTE DE PLANTAS NUEVAS 9,PLANTACIONES,"Camino Truncado, Puente Alto y La Chimbera<br>El espejo",,Labor Agrícola,"$ 0,00",0
173,HOYADO,PLANTACIONES,"Camino Truncado, Puente Alto y La Chimbera<br>El espejo",,Labor Agrícola,"$ 0,00",0
174,PLANTACIÓN,PLANTACIONES,"Camino Truncado, Puente Alto y La Chimbera<br>El espejo",,Labor Agrícola,"$ 0,00",0
175,RETAPADO,PLANTACIONES,"Camino Truncado, Puente Alto y La Chimbera<br>El espejo",,Labor Agrícola,"$ 0,00",0
176,AMONTONAR SARMIENTO,PODA,"Camino Truncado, Puente Alto y La Chimbera<br>El espejo<br>Predio test (cambiar Nombre)....",CF001,Labor Agrícola,"$ 0,00",0
177,DESPUNTE DE GUIAS,PODA,"Camino Truncado, Puente Alto y La Chimbera<br>El espejo<br>Predio test (cambiar Nombre)....",CF001,Labor Agrícola,"$ 0,00",0
178,HACER MUGRONES,PODA,"Camino Truncado, Puente Alto y La Chimbera<br>El espejo<br>Predio test (cambiar Nombre)....",CF001,Labor Agrícola,"$ 0,00",0
179,PESO PODA,PODA,"Camino Truncado, Puente Alto y La Chimbera<br>El espejo<br>Predio test (cambiar Nombre)....",CF001,Labor Agrícola,"$ 0,00",0
180,PINTURA,PODA,"Camino Truncado, Puente Alto y La Chimbera<br>El espejo<br>Predio test (cambiar Nombre)....",CF001,Labor Agrícola,"$ 0,00",0
181,PODA,PODA,"Camino Truncado, Puente Alto y La Chimbera<br>El espejo<br>Predio test (cambiar Nombre)....",CF001,Labor Agrícola,"$ 0,00",0
182,PODA DOV,PODA,"Camino Truncado, Puente Alto y La Chimbera<br>El espejo<br>Predio test (cambiar Nombre)....",CF001,Labor Agrícola,"$ 0,00",0
183,PODA MUGRONES,PODA,"Camino Truncado, Puente Alto y La Chimbera<br>El espejo<br>Predio test (cambiar Nombre)....",CF001,Labor Agrícola,"$ 0,00",0
184,PODA SETO,PODA,"Camino Truncado, Puente Alto y La Chimbera<br>El espejo<br>Predio test (cambiar Nombre)....",CF001,Labor Agrícola,"$ 0,00",0
185,PREPODA TRACTOR,PODA,"Camino Truncado, Puente Alto y La Chimbera<br>El espejo<br>Predio test (cambiar Nombre)....",CF001,Labor Agrícola,"$ 0,00",0
186,REPASE DE PODA,PODA,"Camino Truncado, Puente Alto y La Chimbera<br>El espejo<br>Predio test (cambiar Nombre)....",CF001,Labor Agrícola,"$ 0,00",0
187,SUPERVISIÓN PODA,PODA,"Camino Truncado, Puente Alto y La Chimbera<br>El espejo<br>Predio test (cambiar Nombre)....",CF001,Labor Agrícola,"$ 0,00",0
188,ARMADO DE CAÑERIA,RIEGO,"Camino Truncado, Puente Alto y La Chimbera<br>El espejo<br>Predio test (cambiar Nombre)....",,Labor Agrícola,"$ 0,00",0
189,AYUDA DE RIEGO,RIEGO,"Camino Truncado, Puente Alto y La Chimbera<br>El espejo<br>Predio test (cambiar Nombre)....",,Labor Agrícola,"$ 0,00",0
190,CALICATA,RIEGO,"Camino Truncado, Puente Alto y La Chimbera<br>El espejo<br>Predio test (cambiar Nombre)....",,Labor Agrícola,"$ 0,00",0
191,LAVADO DE MANGUERAS,RIEGO,"Camino Truncado, Puente Alto y La Chimbera<br>El espejo<br>Predio test (cambiar Nombre)....",,Labor Agrícola,"$ 0,00",0
192,MANTENIMIENTO,RIEGO,"Camino Truncado, Puente Alto y La Chimbera<br>El espejo<br>Predio test (cambiar Nombre)....",,Labor Agrícola,"$ 0,00",0
193,MOVIMIENTO DE MANGUERAS,RIEGO,"Camino Truncado, Puente Alto y La Chimbera<br>El espejo<br>Predio test (cambiar Nombre)....",,Labor Agrícola,"$ 0,00",0
194,RIEGO GOTEO,RIEGO,"Camino Truncado, Puente Alto y La Chimbera<br>El espejo<br>Predio test (cambiar Nombre)....",,Labor Agrícola,"$ 0,00",0
195,RIEGO MANTO,RIEGO,"Camino Truncado, Puente Alto y La Chimbera<br>El espejo<br>Predio test (cambiar Nombre)....",,Labor Agrícola,"$ 0,00",0
196,SERENO,RIEGO,"Camino Truncado, Puente Alto y La Chimbera<br>El espejo<br>Predio test (cambiar Nombre)....",,Labor Agrícola,"$ 0,00",0
197,ABRIR LA PASA,SECADERO,"Camino Truncado, Puente Alto y La Chimbera<br>El espejo<br>Predio test (cambiar Nombre)....<br>Secadero",,Labor Agrícola,"$ 0,00",0
198,ACORDONAR LA PASA,SECADERO,"Camino Truncado, Puente Alto y La Chimbera<br>El espejo<br>Predio test (cambiar Nombre)....<br>Secadero",,Labor Agrícola,"$ 0,00",0
199,ARMAR Y DESARMAR ESTRUCTURAS,SECADERO,"Camino Truncado, Puente Alto y La Chimbera<br>El espejo<br>Predio test (cambiar Nombre)....<br>Secadero",,Labor Agrícola,"$ 0,00",0
200,CINCELADO DE PIEDRAS,SECADERO,"Camino Truncado, Puente Alto y La Chimbera<br>El espejo<br>Predio test (cambiar Nombre)....<br>Secadero",,Labor Agrícola,"$ 0,00",0
201,CORTAR LONAS,SECADERO,"Camino Truncado, Puente Alto y La Chimbera<br>El espejo<br>Predio test (cambiar Nombre)....<br>Secadero",,Labor Agrícola,"$ 0,00",0
202,CURAR LA PASA,SECADERO,"Camino Truncado, Puente Alto y La Chimbera<br>El espejo<br>Predio test (cambiar Nombre)....<br>Secadero",,Labor Agrícola,"$ 0,00",0
203,DESGARGA DE CAMIONES,SECADERO,"Camino Truncado, Puente Alto y La Chimbera<br>El espejo<br>Predio test (cambiar Nombre)....<br>Secadero",,Labor Agrícola,"$ 0,00",0
204,DESPARAMAR UVA,SECADERO,"Camino Truncado, Puente Alto y La Chimbera<br>El espejo<br>Predio test (cambiar Nombre)....<br>Secadero",,Labor Agrícola,"$ 0,00",0
205,ESPARCIR UVA BINES,SECADERO,"Camino Truncado, Puente Alto y La Chimbera<br>El espejo<br>Predio test (cambiar Nombre)....<br>Secadero",,Labor Agrícola,"$ 0,00",0
206,LEVANTAR LONAS,SECADERO,"Camino Truncado, Puente Alto y La Chimbera<br>El espejo<br>Predio test (cambiar Nombre)....<br>Secadero",,Labor Agrícola,"$ 0,00",0
207,LEVANTAR PASA,SECADERO,"Camino Truncado, Puente Alto y La Chimbera<br>El espejo<br>Predio test (cambiar Nombre)....<br>Secadero",,Labor Agrícola,"$ 0,00",0
208,LIMPIEZA DE SECADERO,SECADERO,"Camino Truncado, Puente Alto y La Chimbera<br>El espejo<br>Predio test (cambiar Nombre)....<br>Secadero",,Labor Agrícola,"$ 0,00",0
209,PESAJE,SECADERO,"Camino Truncado, Puente Alto y La Chimbera<br>El espejo<br>Predio test (cambiar Nombre)....<br>Secadero",,Labor Agrícola,"$ 0,00",0
210,REPARAR LONAS,SECADERO,"Camino Truncado, Puente Alto y La Chimbera<br>El espejo<br>Predio test (cambiar Nombre)....<br>Secadero",,Labor Agrícola,"$ 0,00",0
211,SERENO,SECADERO,"Camino Truncado, Puente Alto y La Chimbera<br>El espejo<br>Predio test (cambiar Nombre)....<br>Secadero",,Labor Agrícola,"$ 0,00",0
212,SUPERVISION,SECADERO,"Camino Truncado, Puente Alto y La Chimbera<br>El espejo<br>Predio test (cambiar Nombre)....<br>Secadero",,Labor Agrícola,"$ 0,00",0
213,TENDER LONAS,SECADERO,"Camino Truncado, Puente Alto y La Chimbera<br>El espejo<br>Predio test (cambiar Nombre)....<br>Secadero",,Labor Agrícola,"$ 0,00",0
214,TENDER UVA DE CAJONES,SECADERO,"Camino Truncado, Puente Alto y La Chimbera<br>El espejo<br>Predio test (cambiar Nombre)....<br>Secadero",,Labor Agrícola,"$ 0,00",0
215,TRACTO ELEVADOR,SECADERO,"Camino Truncado, Puente Alto y La Chimbera<br>El espejo<br>Predio test (cambiar Nombre)....<br>Secadero",,Labor Agrícola,"$ 0,00",0
216,TRACTORIASTA VOLCADOR,SECADERO,"Camino Truncado, Puente Alto y La Chimbera<br>El espejo<br>Predio test (cambiar Nombre)....<br>Secadero",,Labor Agrícola,"$ 0,00",0
217,TRACTORISTA  ACOPLADO,SECADERO,"Camino Truncado, Puente Alto y La Chimbera<br>El espejo<br>Predio test (cambiar Nombre)....<br>Secadero",,Labor Agrícola,"$ 0,00",0
218,TRACTORISTA CARRO,SECADERO,"Camino Truncado, Puente Alto y La Chimbera<br>El espejo<br>Predio test (cambiar Nombre)....<br>Secadero",,Labor Agrícola,"$ 0,00",0
219,TRACTORISTA REGADOR,SECADERO,"Camino Truncado, Puente Alto y La Chimbera<br>El espejo<br>Predio test (cambiar Nombre)....<br>Secadero",,Labor Agrícola,"$ 0,00",0
220,TRACTORISTA UÑAS,SECADERO,"Camino Truncado, Puente Alto y La Chimbera<br>El espejo<br>Predio test (cambiar Nombre)....<br>Secadero",,Labor Agrícola,"$ 0,00",0
221,TRACTORITA GENERAL,SECADERO,"Camino Truncado, Puente Alto y La Chimbera<br>El espejo<br>Predio test (cambiar Nombre)....<br>Secadero",,Labor Agrícola,"$ 0,00",0
222,VOLTEAR PASA,SECADERO,"Camino Truncado, Puente Alto y La Chimbera<br>El espejo<br>Predio test (cambiar Nombre)....<br>Secadero",,Labor Agrícola,"$ 0,00",0
223,SERENO GALPON,SEGURIDAD,El espejo<br>Predio test (cambiar Nombre)....,,Labor Agrícola,"$ 0,00",0
224,SERENO RESERVORIO,SEGURIDAD,El espejo<br>Predio test (cambiar Nombre)....,,Labor Agrícola,"$ 0,00",0
225,LLENADO DE PILETAS,TANQUE REGADOR,"Camino Truncado, Puente Alto y La Chimbera<br>El espejo<br>Predio test (cambiar Nombre)....",,Labor Agrícola,"$ 0,00",0
226,MOJAR POSO DE RIENDA,TANQUE REGADOR,"Camino Truncado, Puente Alto y La Chimbera<br>El espejo<br>Predio test (cambiar Nombre)....",,Labor Agrícola,"$ 0,00",0
227,REGAR CALLEJONES,TANQUE REGADOR,"Camino Truncado, Puente Alto y La Chimbera<br>El espejo<br>Predio test (cambiar Nombre)....",,Labor Agrícola,"$ 0,00",0
228,ACOMODO DE BROTE POST ZONDA,TRABAJOS VERDES,"Camino Truncado, Puente Alto y La Chimbera<br>El espejo<br>Predio test (cambiar Nombre)....", CF004,Labor Agrícola,"$ 0,00",0
229,ACOMODO DE BROTES,TRABAJOS VERDES,"Camino Truncado, Puente Alto y La Chimbera<br>El espejo<br>Predio test (cambiar Nombre)....", CF004,Labor Agrícola,"$ 0,00",0
230,ACOMODO DE BROTES,TRABAJOS VERDES,"Camino Truncado, Puente Alto y La Chimbera<br>El espejo<br>Predio test (cambiar Nombre)....", CF004,Labor Agrícola,"$ 0,00",0
231,ATADO CUERPO CEPA,TRABAJOS VERDES,"Camino Truncado, Puente Alto y La Chimbera<br>El espejo<br>Predio test (cambiar Nombre)....", CF004,Labor Agrícola,"$ 0,00",0
232,DESBROTE CON CRITERIO DE PODA,TRABAJOS VERDES,"Camino Truncado, Puente Alto y La Chimbera<br>El espejo<br>Predio test (cambiar Nombre)....", CF004,Labor Agrícola,"$ 0,00",0
233,DESBROTE DE PLANTAS REINJERTADAS 1,TRABAJOS VERDES,"Camino Truncado, Puente Alto y La Chimbera<br>El espejo<br>Predio test (cambiar Nombre)....", CF004,Labor Agrícola,"$ 0,00",0
234,DESBROTE DE PLANTAS REINJERTADAS 2,TRABAJOS VERDES,"Camino Truncado, Puente Alto y La Chimbera<br>El espejo<br>Predio test (cambiar Nombre)....", CF004,Labor Agrícola,"$ 0,00",0
235,DESBROTE DE PLANTAS REINJERTADAS 3,TRABAJOS VERDES,"Camino Truncado, Puente Alto y La Chimbera<br>El espejo<br>Predio test (cambiar Nombre)....", CF004,Labor Agrícola,"$ 0,00",0
236,DESBROTE DE PLANTAS REINJERTADAS 4,TRABAJOS VERDES,"Camino Truncado, Puente Alto y La Chimbera<br>El espejo<br>Predio test (cambiar Nombre)....", CF004,Labor Agrícola,"$ 0,00",0
237,DESBROTE DE TRONCO,TRABAJOS VERDES,"Camino Truncado, Puente Alto y La Chimbera<br>El espejo<br>Predio test (cambiar Nombre)....", CF004,Labor Agrícola,"$ 0,00",0
238,DESBROTE DE TRONCO 1,TRABAJOS VERDES,"Camino Truncado, Puente Alto y La Chimbera<br>El espejo<br>Predio test (cambiar Nombre)....", CF004,Labor Agrícola,"$ 0,00",0
239,DESBROTE DE TRONCO 10,TRABAJOS VERDES,"Camino Truncado, Puente Alto y La Chimbera<br>El espejo<br>Predio test (cambiar Nombre)....", CF004,Labor Agrícola,"$ 0,00",0
240,DESBROTE DE TRONCO 2,TRABAJOS VERDES,"Camino Truncado, Puente Alto y La Chimbera<br>El espejo<br>Predio test (cambiar Nombre)....", CF004,Labor Agrícola,"$ 0,00",0
241,DESBROTE DE TRONCO 3,TRABAJOS VERDES,"Camino Truncado, Puente Alto y La Chimbera<br>El espejo<br>Predio test (cambiar Nombre)....", CF004,Labor Agrícola,"$ 0,00",0
242,DESBROTE DE TRONCO 4,TRABAJOS VERDES,"Camino Truncado, Puente Alto y La Chimbera<br>El espejo<br>Predio test (cambiar Nombre)....", CF004,Labor Agrícola,"$ 0,00",0
243,DESBROTE DE TRONCO 5,TRABAJOS VERDES,"Camino Truncado, Puente Alto y La Chimbera<br>El espejo<br>Predio test (cambiar Nombre)....", CF004,Labor Agrícola,"$ 0,00",0
244,DESBROTE DE TRONCO 6,TRABAJOS VERDES,"Camino Truncado, Puente Alto y La Chimbera<br>El espejo<br>Predio test (cambiar Nombre)....", CF004,Labor Agrícola,"$ 0,00",0
245,DESBROTE DE TRONCO 7,TRABAJOS VERDES,"Camino Truncado, Puente Alto y La Chimbera<br>El espejo<br>Predio test (cambiar Nombre)....", CF004,Labor Agrícola,"$ 0,00",0
246,DESBROTE DE TRONCO 8,TRABAJOS VERDES,"Camino Truncado, Puente Alto y La Chimbera<br>El espejo<br>Predio test (cambiar Nombre)....", CF004,Labor Agrícola,"$ 0,00",0
247,DESBROTE DE TRONCO 9,TRABAJOS VERDES,"Camino Truncado, Puente Alto y La Chimbera<br>El espejo<br>Predio test (cambiar Nombre)....", CF004,Labor Agrícola,"$ 0,00",0
248,DESBROTE DOV 1,TRABAJOS VERDES,"Camino Truncado, Puente Alto y La Chimbera<br>El espejo<br>Predio test (cambiar Nombre)....", CF004,Labor Agrícola,"$ 0,00",0
249,DESBROTE DOV 2,TRABAJOS VERDES,"Camino Truncado, Puente Alto y La Chimbera<br>El espejo<br>Predio test (cambiar Nombre)....", CF004,Labor Agrícola,"$ 0,00",0
250,DESBROTE DOV 3,TRABAJOS VERDES,"Camino Truncado, Puente Alto y La Chimbera<br>El espejo<br>Predio test (cambiar Nombre)....", CF004,Labor Agrícola,"$ 0,00",0
251,DESHOJE,TRABAJOS VERDES,"Camino Truncado, Puente Alto y La Chimbera<br>El espejo<br>Predio test (cambiar Nombre)....", CF004,Labor Agrícola,"$ 0,00",0
252,"DESNIETE, DESHOJE",TRABAJOS VERDES,"Camino Truncado, Puente Alto y La Chimbera<br>El espejo<br>Predio test (cambiar Nombre)....", CF004,Labor Agrícola,"$ 0,00",0
253,MUGRONES,TRABAJOS VERDES,"Camino Truncado, Puente Alto y La Chimbera<br>El espejo<br>Predio test (cambiar Nombre)....", CF004,Labor Agrícola,"$ 0,00",0
254,RALEO DE RACIMOS(30CM),TRABAJOS VERDES,"Camino Truncado, Puente Alto y La Chimbera<br>El espejo<br>Predio test (cambiar Nombre)....", CF004,Labor Agrícola,"$ 0,00",0
255,RETAPADO,TRABAJOS VERDES,"Camino Truncado, Puente Alto y La Chimbera<br>El espejo<br>Predio test (cambiar Nombre)....", CF004,Labor Agrícola,"$ 0,00",0
