"Predio";"Bodega";"Código";"Producto / Servicio";"Ingre Activo";"Tipo";"Categoría";"Sub-Cat";"U. Medida";"Stock";"C.Mínima";"V.Neto Unitario";"% Imp";"Otros Imp.";"V.Total Unitario";"Valor Stock";"KIT";"Detalle";"Ent - Sal";"Ultimo Mov.";"Estado";"Motivos Tratamientos";"Ubicación";"Clasificación Costo";"Sub-Clas. Costo";"Multi Carencias / Dosis";"Capacidad Envase";"U.Medida Envase"
"El espejo";"HERBICIDA";"p-172";" JANFRI XTRA ";"";"Productos Genericos";"Herbicida";"";"Litros";"5,000";"0,000";"$ 1,0";" 19,0";"$ 0,0";"$ 1,1";"$ 5,95";"";"";"";"";"Activo";"";"";"Fitosanitarios";"";"0";"0,000";""
"Camino Truncado, Puente Alto y La Chimbera";"HERBICIDAS";"p-172";" JANFRI XTRA ";"";"Productos Genericos";"Herbicida";"";"Litros";"0,000";"0,000";"$ 0,0";" 0,0";"$ 0,0";"$ 0,0";"$ 0,00";"";"";"";"00-00-0000";"Activo";"";"";"Fitosanitarios";"";"0";"0,000";""
"El espejo";"ACEITES Y COMBUSTIBLES";"p-97";"ACEITE-4 TIEMPO";"";"Productos Genericos";"Aceites";"";"Litros";"1,950";"0,000";"$ 9.000,0";" 19,0";"$ 0,0";"$ 10.710,0";"$ 20.884,50";"";"";"";"05-11-2025";"Activo";"";"";"Combustible";"";"0";"0,000";""
"Camino Truncado, Puente Alto y La Chimbera";"ACEITES Y COMBUSTIBLES";"p-97";"ACEITE-4 TIEMPO";"";"Productos Genericos";"Aceites";"";"Litros";"0,000";"0,000";"$ 0,0";" 0,0";"$ 0,0";"$ 0,0";"$ 0,00";"";"";"";"00-00-0000";"Activo";"";"";"Combustible";"";"0";"0,000";""
"El espejo";"ACEITES Y COMBUSTIBLES";"p-37";"ACEITE-HIDRAULICO";"";"Combustibles, Aceites ...";"Aceites";"";"Litros";"175,300";"0,000";"$ 0,0";" 0,0";"$ 0,0";"$ 0,0";"$ 0,00";"";"";"";"27-10-2025";"Activo";"";"";"Combustible";"";"0";"0,000";""
"Camino Truncado, Puente Alto y La Chimbera";"ACEITES Y COMBUSTIBLES";"p-37";"ACEITE-HIDRAULICO";"";"Productos Genericos";"Aceites";"";"Litros";"405,000";"0,000";"$ 537.872,6";" 0,0";"$ 648,3";"$ 538.521,0";"$ 218.101.017,96";"";"";"";"04-02-2025";"Activo";"";"";"Combustible";"";"0";"0,000";""
"El espejo";"ACEITES Y COMBUSTIBLES";"p-39";"ACEITE-MOTOR";"";"Combustibles, Aceites ...";"Aceites";"";"Litros";"117,980";"0,000";"$ 0,0";" 0,0";"$ 0,0";"$ 0,0";"$ 0,00";"";"";"";"27-10-2025";"Activo";"";"";"Combustible";"";"0";"0,000";""
"Camino Truncado, Puente Alto y La Chimbera";"ACEITES Y COMBUSTIBLES";"p-39";"ACEITE-MOTOR";"";"Productos Genericos";"Aceites";"";"Litros";"355,000";"0,000";"$ 826.059,4";" 0,0";"$ 648,3";"$ 826.707,8";"$ 293.481.269,71";"";"";"";"20-02-2025";"Activo";"";"";"Combustible";"";"0";"0,000";""
"El espejo";"ACEITES Y COMBUSTIBLES";"p-35";"ACEITE-TRANSMISION";"";"Combustibles, Aceites ...";"Aceites";"";"Litros";"80,000";"0,000";"$ 0,0";" 0,0";"$ 0,0";"$ 0,0";"$ 0,00";"";"";"";"14-02-2024";"Activo";"";"";"Combustible";"";"0";"0,000";""
"Camino Truncado, Puente Alto y La Chimbera";"ACEITES Y COMBUSTIBLES";"p-35";"ACEITE-TRANSMISION";"";"Productos Genericos";"Aceites";"";"Litros";"200,000";"0,000";"$ 0,0";" 0,0";"$ 0,0";"$ 0,0";"$ 0,00";"";"";"";"14-02-2024";"Activo";"";"";"Combustible";"";"0";"0,000";""
"Camino Truncado, Puente Alto y La Chimbera";"FITOSANITARIOS";"p-146";"Acido Borico";"";"Productos Genericos";"Fitosanitarios";"";"Kilos";"31,935";"0,000";"$ 0,0";" 0,0";"$ 0,0";"$ 0,0";"$ 0,03";"";"";"";"11-11-2025";"Activo";"";"";"Fitosanitarios";"";"0";"0,000";""
"El espejo";"FITOSANITARIOS";"p-146";"Acido Borico";"";"Productos Genericos";"Fitosanitarios";"";"Kilos";"21,265";"0,000";"$ 1,0";" 19,0";"$ 0,0";"$ 1,1";"$ 25,30";"";"";"";"12-11-2025";"Activo";"";"";"Fitosanitarios";"";"0";"0,000";""
"El espejo";"FITOSANITARIOS";"p-109";"ACIDO-FOSFORICO";"";"Producto Químicos";"Fitosanitarios";"";"Litros";"192,699";"0,000";"$ 3.554,8";" 19,0";"$ 0,0";"$ 4.230,3";"$ 815.175,92";"";"";"";"03-12-2025";"Activo";"";"";"Insumo fitosanitario";"";"0";"0,000";""
"Camino Truncado, Puente Alto y La Chimbera";"FITOSANITARIOS";"p-109";"ACIDO-FOSFORICO";"";"Producto Químicos";"Fitosanitarios";"";"Litros";"380,925";"0,000";"$ 0,0";" 0,0";"$ 0,0";"$ 0,0";"$ 0,38";"";"";"";"13-02-2026";"Activo";"";"";"Fitosanitarios";"";"0";"0,000";""
"El espejo";"FITOSANITARIOS";"p-113";"ADHERENTE";"";"Producto Químicos";"Fitosanitarios";"";"Litros";"144,356";"0,000";"$ 7.109,7";" 19,0";"$ 0,0";"$ 8.460,6";"$ 1.221.340,39";"";"";"";"03-12-2025";"Activo";"";"";"Insumo fitosanitario";"";"0";"0,000";""
"Camino Truncado, Puente Alto y La Chimbera";"FITOSANITARIOS";"p-113";"ADHERENTE";"";"Producto Químicos";"Fitosanitarios";"";"Litros";"142,122";"0,000";"$ 0,0";" 0,0";"$ 0,0";"$ 0,0";"$ 0,14";"";"";"";"13-02-2026";"Activo";"";"";"Fitosanitarios";"";"0";"0,000";""
"El espejo";"ACEITES Y COMBUSTIBLES";"p-137";"Alambre N°16";"";"Productos Genericos";"Aceites";"";"Unidad";"0,000";"0,000";"$ 1,0";" 19,0";"$ 0,0";"$ 1,1";"$ 0,00";"";"";"";"22-09-2025";"Activo";"";"";"Combustible";"";"0";"0,000";""
"Predio test (cambiar Nombre)....";"Materiales y otros";"005";"Alicate";"";"Productos Genericos";"Herramientas";"Alicates";"Unidad";"-557,250";"100,000";"$ 3.580,0";" 19,0";"$ 0,0";"$ 4.260,2";"$ 0,00";"";"";"";"03-09-2019";"Activo";"";"";"Materiales y otros";"";"0";"0,000";""
"El espejo";"FITOSANITARIOS";"p-115";"ANDOMICINA";"";"Productos Genericos";"Fitosanitarios";"";"Kilos";"17,800";"0,000";"$ 1,0";" 19,0";"$ 0,0";"$ 1,1";"$ 21,18";"";"";"";"10-11-2025";"Activo";"";"";"Insumo fitosanitario";"";"0";"0,000";""
"Camino Truncado, Puente Alto y La Chimbera";"FITOSANITARIOS";"p-115";"ANDOMICINA";"";"Productos Genericos";"Fitosanitarios";"";"Kilos";"-5,080";"0,000";"$ 0,0";" 0,0";"$ 0,0";"$ 0,0";"-$ 0,00";"";"";"";"04-11-2025";"Activo";"";"";"Fitosanitarios";"";"0";"0,000";""
"Camino Truncado, Puente Alto y La Chimbera";"FERTILIZANTES";"p-111";"AZUBRE VENTILADO";"";"Productos Genericos";"Fertilizantes";"";"Kilos";"300,000";"0,000";"$ 0,0";" 19,0";"$ 0,0";"$ 0,0";"$ 0,00";"";"";"";"";"Activo";"";"";"Fertilizantes";"";"0";"0,000";""
"El espejo";"FERTILIZANTES";"p-89";"AZUFRE";"";"Productos Genericos";"Fitosanitarios";"";"Kilos";"57,400";"0,000";"$ 0,0";" 0,0";"$ 0,0";"$ 0,0";"$ 0,00";"";"";"";"06-03-2025";"Activo";"";"";"Fertilizantes";"";"0";"0,000";""
"El espejo";"FITOSANITARIOS";"p-89";"AZUFRE";"";"Productos Genericos";"Fitosanitarios";"";"Kilos";"57,400";"0,000";"$ 0,0";" 0,0";"$ 0,0";"$ 0,0";"$ 0,00";"";"";"";"06-03-2025";"Desactivo";"";"";"Insumo fitosanitario";"";"0";"0,000";""
"Camino Truncado, Puente Alto y La Chimbera";"FITOSANITARIOS";"p-89";"AZUFRE";"";"Productos Genericos";"Fitosanitarios";"";"Kilos";"590,412";"0,000";"$ 0,0";" 0,0";"$ 0,0";"$ 0,0";"$ 0,59";"";"";"";"27-11-2025";"Activo";"";"";"Fitosanitarios";"";"0";"0,000";""
"Camino Truncado, Puente Alto y La Chimbera";"FITOSANITARIOS";"p-203";"Bacthur";"";"Productos Genericos";"Fitosanitarios";"";"Litros";"135,000";"0,000";"$ 0,0";" 0,0";"$ 0,0";"$ 0,0";"$ 0,13";"";"";"";"26-01-2026";"Activo";"";"";"Fitosanitarios";"";"0";"0,000";""
"El espejo";"FERTILIZANTES";"p-86";"BASFOLIAR KELP";"";"Productos Genericos";"Fitosanitarios";"";"Litros";"0,000";"0,000";"$ 0,0";" 0,0";"$ 0,0";"$ 0,0";"$ 0,00";"";"";"";"11-03-2025";"Activo";"";"";"Fertilizantes";"";"0";"0,000";""
"El espejo";"FITOSANITARIOS";"p-86";"BASFOLIAR KELP";"";"Productos Genericos";"Fitosanitarios";"";"Litros";"238,000";"0,000";"$ 0,0";" 19,0";"$ 0,0";"$ 0,0";"$ 0,00";"";"";"";"11-03-2025";"Desactivo";"";"";"Fertilizantes";"";"0";"0,000";""
"Camino Truncado, Puente Alto y La Chimbera";"FERTILIZANTES";"p-86";"BASFOLIAR KELP";"";"Productos Genericos";"Fitosanitarios";"";"Litros";"0,000";"0,000";"$ 0,0";" 0,0";"$ 0,0";"$ 0,0";"$ 0,00";"";"";"";"00-00-0000";"Activo";"";"";"Fertilizantes";"";"0";"0,000";""
"El espejo";"HERBICIDA";"p-174";"BELLIS";"";"Productos Genericos";"Herbicida";"";"Kilos";"1,000";"0,000";"$ 1,0";" 19,0";"$ 0,0";"$ 1,1";"$ 1,19";"";"";"";"";"Activo";"";"";"Fitosanitarios";"";"0";"0,000";""
"Camino Truncado, Puente Alto y La Chimbera";"HERBICIDAS";"p-174";"BELLIS";"";"Productos Genericos";"Herbicida";"";"Kilos";"0,000";"0,000";"$ 0,0";" 0,0";"$ 0,0";"$ 0,0";"$ 0,00";"";"";"";"00-00-0000";"Activo";"";"";"Fitosanitarios";"";"0";"0,000";""
"Camino Truncado, Puente Alto y La Chimbera";"FITOSANITARIOS";"p-83";"BELLIS";"";"Productos Genericos";"Fitosanitarios";"";"Kilos";"0,000";"0,000";"$ 0,0";" 21,0";"$ 0,0";"$ 0,0";"$ 0,00";"";"";"";"17-02-2025";"Activo";"";"";"Fitosanitarios";"";"0";"1,000";""
"Camino Truncado, Puente Alto y La Chimbera";"FERTILIZANTES";"p-205";"BIO-CRECIMIENTO";"";"Productos Genericos";"Fertilizantes";"";"Kilos";"6.852,000";"0,000";"$ 0,0";" 0,0";"$ 0,0";"$ 0,0";"$ 6,85";"";"";"";"";"Activo";"";"";"Fertilizantes";"";"0";"0,000";""
"El espejo";"FERTILIZANTES";"p-201";"BIO-INICO";"";"Productos Genericos";"Fertilizantes";"";"Litros";"0,000";"0,000";"$ 0,0";" 0,0";"$ 0,0";"$ 0,0";"$ 0,00";"";"";"";"10-03-2025";"Activo";"";"";"Fertilizantes";"";"0";"0,000";""
"Camino Truncado, Puente Alto y La Chimbera";"FERTILIZANTES";"p-201";"BIO-INICO";"";"Productos Genericos";"Fertilizantes";"";"Kilos";"0,000";"0,000";"$ 0,0";" 19,0";"$ 0,0";"$ 0,0";"$ 0,00";"";"";"";"";"Activo";"";"";"Fertilizantes";"";"0";"0,000";""
"El espejo";"FITOSANITARIOS";"p-201";"BIO-INICO";"";"Productos Genericos";"Fertilizantes";"";"Litros";"0,000";"0,000";"$ 0,0";" 0,0";"$ 0,0";"$ 0,0";"$ 0,00";"";"";"";"10-03-2025";"Desactivo";"";"";"Fertilizantes";"";"0";"0,000";""
"El espejo";"FERTILIZANTES";"p-202";"BIO-PRODUCCION";"";"Productos Genericos";"Fertilizantes";"";"Litros";"0,000";"0,000";"$ 0,0";" 0,0";"$ 0,0";"$ 0,0";"$ 0,00";"";"";"";"17-03-2025";"Activo";"";"";"Fertilizantes";"";"0";"0,000";""
"Camino Truncado, Puente Alto y La Chimbera";"FERTILIZANTES";"p-202";"BIO-PRODUCCION";"";"Productos Genericos";"Fertilizantes";"";"Kilos";"0,000";"0,000";"$ 0,0";" 19,0";"$ 0,0";"$ 0,0";"$ 0,00";"";"";"";"";"Activo";"";"";"Fertilizantes";"";"0";"0,000";""
"El espejo";"FITOSANITARIOS";"p-202";"BIO-PRODUCCION";"";"Productos Genericos";"Fertilizantes";"";"Litros";"62.891,740";"0,000";"$ 0,0";" 0,0";"$ 0,0";"$ 0,0";"$ 0,00";"";"";"";"17-03-2025";"Desactivo";"";"";"Fertilizantes";"";"0";"0,000";""
"El espejo";"FERTILIZANTES";"p-205";"BIOCRECIMIENTO";"";"Productos Genericos";"Fertilizantes";"";"Kilos";"0,000";"0,000";"$ 0,0";" 0,0";"$ 0,0";"$ 0,0";"$ 0,00";"";"";"";"00-00-0000";"Activo";"";"";"Fertilizantes";"";"0";"0,000";""
"El espejo";"FERTILIZANTES";"p-199";"BIOGRANULADO-NK";"";"Productos Genericos";"Fertilizantes";"";"Kilos";"0,000";"0,000";"$ 0,0";" 0,0";"$ 0,0";"$ 0,0";"$ 0,00";"";"";"";"00-00-0000";"Activo";"";"";"Fertilizantes";"";"0";"0,000";""
"Camino Truncado, Puente Alto y La Chimbera";"FERTILIZANTES";"p-199";"BIOGRANULADO-NK";"";"Productos Genericos";"Fertilizantes";"";"Kilos";"0,000";"0,000";"$ 0,0";" 19,0";"$ 0,0";"$ 0,0";"$ 0,00";"";"";"";"13-01-2025";"Activo";"";"";"Fertilizantes";"";"0";"0,000";""
"El espejo";"FITOSANITARIOS";"p-199";"BIOGRANULADO-NK";"";"Productos Genericos";"Fertilizantes";"";"Kilos";"0,000";"0,000";"$ 0,0";" 0,0";"$ 0,0";"$ 0,0";"$ 0,00";"";"";"";"00-00-0000";"Desactivo";"";"";"Fertilizantes";"";"0";"0,000";""
"El espejo";"FERTILIZANTES";"p-200";"BIOGRANULADO-NP";"";"Productos Genericos";"Fertilizantes";"";"Kilos";"0,000";"0,000";"$ 0,0";" 0,0";"$ 0,0";"$ 0,0";"$ 0,00";"";"";"";"27-02-2025";"Activo";"";"";"Fertilizantes";"";"0";"0,000";""
"Camino Truncado, Puente Alto y La Chimbera";"FERTILIZANTES";"p-200";"BIOGRANULADO-NP";"";"Productos Genericos";"Fertilizantes";"";"Kilos";"0,232";"0,000";"$ 0,0";" 19,0";"$ 0,0";"$ 0,0";"$ 0,00";"";"";"";"10-09-2025";"Activo";"";"";"Fertilizantes";"";"0";"0,000";""
"El espejo";"FITOSANITARIOS";"p-200";"BIOGRANULADO-NP";"";"Productos Genericos";"Fertilizantes";"";"Kilos";"0,000";"0,000";"$ 0,0";" 0,0";"$ 0,0";"$ 0,0";"$ 0,00";"";"";"";"27-02-2025";"Desactivo";"";"";"Fertilizantes";"";"0";"0,000";""
"El espejo";"FERTILIZANTES";"p-158";"BIOGUANITO";"";"Productos Genericos";"Fertilizantes";"";"Kilos";"0,000";"0,000";"$ 0,0";" 19,0";"$ 0,0";"$ 0,0";"$ 0,00";"";"";"";"19-11-2025";"Activo";"";"";"Fertilizantes";"";"0";"0,000";""
"Camino Truncado, Puente Alto y La Chimbera";"FERTILIZANTES";"p-158";"BIOGUANITO";"";"Productos Genericos";"Fertilizantes";"";"Kilos";"0,000";"0,000";"$ 0,0";" 0,0";"$ 0,0";"$ 0,0";"$ 0,00";"";"";"";"00-00-0000";"Activo";"";"";"Fertilizantes";"";"0";"0,000";""
"El espejo";"FITOSANITARIOS";"p-127";"BIOSPAM-L";"";"Productos Genericos";"Fitosanitarios";"";"Litros";"0,000";"0,000";"$ 0,0";" 19,0";"$ 0,0";"$ 0,0";"$ 0,00";"";"";"";"";"Activo";"";"";"Fitosanitarios";"";"0";"0,000";""
"Camino Truncado, Puente Alto y La Chimbera";"FITOSANITARIOS";"p-127";"BIOSPAM-L";"";"Productos Genericos";"Fitosanitarios";"";"Litros";"12,000";"0,000";"$ 0,0";" 0,0";"$ 0,0";"$ 0,0";"$ 0,00";"";"";"";"00-00-0000";"Activo";"";"";"Fitosanitarios";"";"0";"0,000";""
"El espejo";"HERBICIDA";"p-179";"BIOZYME - TF X1 LT";"";"Productos Genericos";"Fitosanitarios";"";"Litros";"0,000";"0,000";"$ 0,0";" 19,0";"$ 0,0";"$ 0,0";"$ 0,00";"";"";"";"";"Activo";"";"";"Fitosanitarios";"";"0";"0,000";""
"El espejo";"FITOSANITARIOS";"p-179";"BIOZYME - TF X1 LT";"";"Productos Genericos";"Fitosanitarios";"";"Litros";"3,125";"0,000";"$ 1,0";" 19,0";"$ 0,0";"$ 1,1";"$ 3,71";"";"";"";"10-11-2025";"Activo";"";"";"Fitosanitarios";"";"0";"0,000";""
"Camino Truncado, Puente Alto y La Chimbera";"FITOSANITARIOS";"p-179";"BIOZYME - TF X1 LT";"";"Productos Genericos";"Fitosanitarios";"";"Litros";"0,000";"0,000";"$ 0,0";" 0,0";"$ 0,0";"$ 0,0";"$ 0,00";"";"";"";"00-00-0000";"Activo";"";"";"Fitosanitarios";"";"0";"0,000";""
"El espejo";"HERBICIDA";"p-176";"BIOZYME - TF X10 LTS";"";"Productos Genericos";"Fitosanitarios";"";"Litros";"0,000";"0,000";"$ 0,0";" 19,0";"$ 0,0";"$ 0,0";"$ 0,00";"";"";"";"";"Activo";"";"";"Fitosanitarios";"";"0";"0,000";""
"El espejo";"FITOSANITARIOS";"p-176";"BIOZYME - TF X10 LTS";"";"Productos Genericos";"Fitosanitarios";"";"Litros";"30,000";"0,000";"$ 1,0";" 19,0";"$ 0,0";"$ 1,1";"$ 35,70";"";"";"";"00-00-0000";"Activo";"";"";"Fitosanitarios";"";"0";"0,000";""
"Camino Truncado, Puente Alto y La Chimbera";"FITOSANITARIOS";"p-176";"BIOZYME - TF X10 LTS";"";"Productos Genericos";"Fitosanitarios";"";"Litros";"0,000";"0,000";"$ 0,0";" 0,0";"$ 0,0";"$ 0,0";"$ 0,00";"";"";"";"00-00-0000";"Activo";"";"";"Fitosanitarios";"";"0";"0,000";""
"Camino Truncado, Puente Alto y La Chimbera";"HERBICIDAS";"p-305";"CANTUS";"";"Productos Genericos";"Fitosanitarios";"";"Kilos";"0,000";"0,000";"$ 0,0";" 19,0";"$ 0,0";"$ 0,0";"$ 0,00";"";"";"";"";"Activo";"";"";"Fitosanitarios";"";"0";"0,000";""
"El espejo";"HERBICIDA";"p-305";"CANTUS";"";"Productos Genericos";"Fitosanitarios";"";"Kilos";"0,000";"0,000";"$ 0,0";" 0,0";"$ 0,0";"$ 0,0";"$ 0,00";"";"";"";"00-00-0000";"Activo";"";"";"Fitosanitarios";"";"0";"0,000";""
"Camino Truncado, Puente Alto y La Chimbera";"FITOSANITARIOS";"p-305";"CANTUS";"";"Productos Genericos";"Fitosanitarios";"";"Kilos";"150,686";"0,000";"$ 113.082,6";" 19,0";"$ 0,0";"$ 134.568,3";"$ 20.277.565,18";"";"";"";"04-02-2025";"Activo";"";"";"Fitosanitarios";"";"0";"1,000";"Kilos"
"El espejo";"FITOSANITARIOS";"p-305";"CANTUS";"";"Productos Genericos";"Fitosanitarios";"";"Kilos";"0,000";"0,000";"$ 0,0";" 0,0";"$ 0,0";"$ 0,0";"$ 0,00";"";"";"";"00-00-0000";"Activo";"";"";"Fitosanitarios";"";"0";"0,000";""
"El espejo";"ACEITES Y COMBUSTIBLES";"p-120";"caño 110";"";"Productos Genericos";"Aceites";"";"Unidad";"63,000";"0,000";"$ 1,0";" 0,0";"$ 0,0";"$ 1,0";"$ 63,00";"";"";"";"11-08-2025";"Activo";"";"";"Combustible";"";"0";"0,000";""
"El espejo";"ACEITES Y COMBUSTIBLES";"p-119";"caño 140";"";"Productos Genericos";"Aceites";"";"Unidad";"3,000";"0,000";"$ 0,0";" 19,0";"$ 0,0";"$ 0,0";"$ 0,00";"";"";"";"11-08-2025";"Activo";"";"";"Combustible";"";"0";"0,000";""
"El espejo";"ACEITES Y COMBUSTIBLES";"p-118";"caño 160";"";"Productos Genericos";"Aceites";"";"Unidad";"8,000";"0,000";"$ 0,0";" 19,0";"$ 0,0";"$ 0,0";"$ 0,00";"";"";"";"11-08-2025";"Activo";"";"";"Combustible";"";"0";"0,000";""
"El espejo";"ACEITES Y COMBUSTIBLES";"p-116";"Caño 250";"";"Productos Genericos";"Aceites";"";"Unidad";"11,000";"0,000";"$ 0,0";" 19,0";"$ 0,0";"$ 0,0";"$ 0,00";"";"";"";"";"Activo";"";"";"Combustible";"";"0";"0,000";""
"Camino Truncado, Puente Alto y La Chimbera";"ACEITES Y COMBUSTIBLES";"p-116";"Caño 250";"";"Productos Genericos";"Aceites";"";"Unidad";"0,000";"0,000";"$ 0,0";" 0,0";"$ 0,0";"$ 0,0";"$ 0,00";"";"";"";"00-00-0000";"Activo";"";"";"Combustible";"";"0";"0,000";""
"El espejo";"ACEITES Y COMBUSTIBLES";"p-114";"Caño 315";"";"Productos Genericos";"Aceites";"";"Unidad";"2,500";"0,000";"$ 0,0";" 19,0";"$ 0,0";"$ 0,0";"$ 0,00";"";"";"";"";"Activo";"";"";"Combustible";"";"0";"0,000";""
"Camino Truncado, Puente Alto y La Chimbera";"ACEITES Y COMBUSTIBLES";"p-114";"Caño 315";"";"Productos Genericos";"Aceites";"";"Unidad";"0,000";"2,500";"$ 0,0";" 0,0";"$ 0,0";"$ 0,0";"$ 0,00";"";"";"";"00-00-0000";"Activo";"";"";"Combustible";"";"0";"0,000";""
"El espejo";"ACEITES Y COMBUSTIBLES";"p-127";"caño 50";"";"Productos Genericos";"Aceites";"";"Unidad";"135,000";"0,000";"$ 0,0";" 19,0";"$ 0,0";"$ 0,0";"$ 0,00";"";"";"";"11-08-2025";"Activo";"";"";"Combustible";"";"0";"0,000";""
"El espejo";"ACEITES Y COMBUSTIBLES";"p-126";"caño 63";"";"Productos Genericos";"Aceites";"";"Unidad";"0,000";"0,000";"$ 0,0";" 19,0";"$ 0,0";"$ 0,0";"$ 0,00";"";"";"";"11-08-2025";"Activo";"";"";"Combustible";"";"0";"0,000";""
"El espejo";"ACEITES Y COMBUSTIBLES";"p-125";"caño 90";"";"Productos Genericos";"Aceites";"";"Unidad";"0,000";"0,000";"$ 0,0";" 19,0";"$ 0,0";"$ 0,0";"$ 0,00";"";"";"";"11-08-2025";"Activo";"";"";"Combustible";"";"0";"0,000";""
"Camino Truncado, Puente Alto y La Chimbera";"FERTILIZANTES";"p-250";"Carbium";"";"Productos Genericos";"Fertilizantes";"";"Litros";"72,068";"0,000";"$ 20.650,0";" 0,0";"$ 0,0";"$ 20.650,0";"$ 1.488.204,20";"";"";"";"02-01-2026";"Activo";"";"";"Fertilizantes";"";"0";"0,000";""
"Camino Truncado, Puente Alto y La Chimbera";"FITOSANITARIOS";"p-95";"Cleanner NSA";"";"Productos Genericos";"Fitosanitarios";"";"Litros";"80,000";"0,000";"$ 0,0";" 19,0";"$ 0,0";"$ 0,0";"$ 0,08";"";"";"";"";"Activo";"";"";"Fitosanitarios";"";"0";"0,000";""
"El espejo";"FITOSANITARIOS";"p-184";"COBRESTABLE";"";"Productos Genericos";"Fitosanitarios";"";"Litros";"19,360";"0,000";"$ 14.637,0";" 19,0";"$ 0,0";"$ 17.418,0";"$ 337.213,06";"";"";"";"19-11-2025";"Activo";"";"";"Fitosanitarios";"";"0";"0,000";""
"Camino Truncado, Puente Alto y La Chimbera";"FITOSANITARIOS";"p-184";"COBRESTABLE";"";"Productos Genericos";"Fitosanitarios";"";"Litros";"0,000";"0,000";"$ 0,0";" 0,0";"$ 0,0";"$ 0,0";"$ 0,00";"";"";"";"00-00-0000";"Activo";"";"";"Fitosanitarios";"";"0";"0,000";""
"El espejo";"HERBICIDA";"p-170";"COMET";"";"Productos Genericos";"Herbicida";"";"Litros";"10,000";"0,000";"$ 1,0";" 19,0";"$ 0,0";"$ 1,1";"$ 11,90";"";"";"";"";"Activo";"";"";"Fitosanitarios";"";"0";"0,000";""
"Camino Truncado, Puente Alto y La Chimbera";"HERBICIDAS";"p-170";"COMET";"";"Productos Genericos";"Herbicida";"";"Litros";"0,000";"0,000";"$ 0,0";" 0,0";"$ 0,0";"$ 0,0";"$ 0,00";"";"";"";"00-00-0000";"Activo";"";"";"Fitosanitarios";"";"0";"0,000";""
"El espejo";"HERBICIDA";"p-126";"Corteva-systhane";"";"Productos Genericos";"Fitosanitarios";"";"Kilos";"0,000";"0,000";"$ 0,0";" 19,0";"$ 0,0";"$ 0,0";"$ 0,00";"";"";"";"27-02-2025";"Activo";"";"";"Insumo fitosanitario";"";"0";"0,000";""
"El espejo";"FITOSANITARIOS";"p-65";"Corteva-systhane";"";"Productos Genericos";"Fitosanitarios";"";"Kilos";"0,000";"0,000";"$ 0,0";" 0,0";"$ 0,0";"$ 0,0";"$ 0,00";"";"";"";"27-02-2025";"Activo";"";"";"Insumo fitosanitario";"";"0";"0,000";""
"El espejo";"FITOSANITARIOS";"p-182";"DAKAR";"";"Productos Genericos";"Fitosanitarios";"";"Litros";"61,990";"0,000";"$ 1,0";" 19,0";"$ 0,0";"$ 1,1";"$ 73,76";"";"";"";"03-12-2025";"Activo";"";"";"Fitosanitarios";"";"0";"0,000";""
"Camino Truncado, Puente Alto y La Chimbera";"FITOSANITARIOS";"p-182";"DAKAR";"";"Productos Genericos";"Fitosanitarios";"";"Litros";"0,000";"0,000";"$ 0,0";" 0,0";"$ 0,0";"$ 0,0";"$ 0,00";"";"";"";"00-00-0000";"Activo";"";"";"Fitosanitarios";"";"0";"0,000";""
"Camino Truncado, Puente Alto y La Chimbera";"HERBICIDAS";"p-96";"Dedalo Duo Elite";"";"Productos Genericos";"Herbicida";"";"Litros";"0,000";"0,000";"$ 0,0";" 19,0";"$ 0,0";"$ 0,0";"$ 0,00";"";"";"";"28-04-2025";"Activo";"";"";"Herbicida";"";"0";"0,000";""
"El espejo";"FITOSANITARIOS";"p-124";"DELEGATE";"";"Productos Genericos";"Fitosanitarios";"";"Kilos";"6.844,900";"0,000";"$ 1,0";" 19,0";"$ 0,0";"$ 1,1";"$ 8.145,43";"";"";"";"27-02-2025";"Activo";"";"";"Insumo fitosanitario";"";"0";"0,000";""
"Camino Truncado, Puente Alto y La Chimbera";"FITOSANITARIOS";"p-124";"DELEGATE";"";"Productos Genericos";"Fitosanitarios";"";"Kilos";"6.795,521";"0,000";"$ 0,0";" 0,0";"$ 0,0";"$ 0,0";"$ 0,00";"";"";"";"27-11-2025";"Activo";"";"";"Fitosanitarios";"";"0";"0,000";""
"Camino Truncado, Puente Alto y La Chimbera";"FITOSANITARIOS";"p-145";"Disal ";"";"Productos Genericos";"Fitosanitarios";"";"Litros";"9,999";"0,000";"$ 0,0";" 0,0";"$ 0,0";"$ 0,0";"$ 0,01";"";"";"";"20-10-2025";"Activo";"";"";"Fitosanitarios";"";"0";"0,000";""
"El espejo";"ACEITES Y COMBUSTIBLES";"p-194";"ELEMENTO EXT FILTRO AIRE";"";"Productos Genericos";"materiales inflamables";"";"Unidad";"1,000";"0,000";"$ 47.686,9";" 0,0";"$ 0,0";"$ 47.686,9";"$ 47.686,94";"";"";"";"";"Activo";"";"";"Vehículos y maquinarias";"";"0";"0,000";""
"Camino Truncado, Puente Alto y La Chimbera";"ACEITES Y COMBUSTIBLES";"p-194";"ELEMENTO EXT FILTRO AIRE";"";"Productos Genericos";"materiales inflamables";"";"Unidad";"0,000";"0,000";"$ 0,0";" 0,0";"$ 0,0";"$ 0,0";"$ 0,00";"";"";"";"00-00-0000";"Activo";"";"";"";"";"0";"0,000";""
"El espejo";"FITOSANITARIOS";"p-62";"FAJA ";"";"Productos Genericos";"";"";"Unidad";"0,000";"0,000";"$ 0,0";" 19,0";"$ 0,0";"$ 0,0";"$ 0,00";"";"";"";"24-11-2023";"Activo";"";"";"Recursos Humanos";"";"0";"0,000";""
"El espejo";"ACEITES Y COMBUSTIBLES";"p-192";"FILTRO COMBUSTIBLE";"";"Productos Genericos";"materiales inflamables";"";"Unidad";"1,000";"0,000";"$ 39.626,1";" 0,0";"$ 0,0";"$ 39.626,1";"$ 39.626,16";"";"";"";"";"Activo";"";"";"Vehículos y maquinarias";"";"0";"0,000";""
"Camino Truncado, Puente Alto y La Chimbera";"ACEITES Y COMBUSTIBLES";"p-192";"FILTRO COMBUSTIBLE";"";"Productos Genericos";"materiales inflamables";"";"Unidad";"0,000";"0,000";"$ 0,0";" 0,0";"$ 0,0";"$ 0,0";"$ 0,00";"";"";"";"00-00-0000";"Activo";"";"";"";"";"0";"0,000";""
"El espejo";"ACEITES Y COMBUSTIBLES";"p-198";"FILTRO COMBUSTIBLE TRAMPA AGUA";"";"Productos Genericos";"materiales inflamables";"";"Unidad";"1,000";"0,000";"$ 39.597,3";" 0,0";"$ 0,0";"$ 39.597,3";"$ 39.597,32";"";"";"";"";"Activo";"";"";"Vehículos y maquinarias";"";"0";"0,000";""
"Camino Truncado, Puente Alto y La Chimbera";"ACEITES Y COMBUSTIBLES";"p-198";"FILTRO COMBUSTIBLE TRAMPA AGUA";"";"Productos Genericos";"materiales inflamables";"";"Unidad";"0,000";"0,000";"$ 0,0";" 0,0";"$ 0,0";"$ 0,0";"$ 0,00";"";"";"";"00-00-0000";"Activo";"";"";"";"";"0";"0,000";""
"El espejo";"ACEITES Y COMBUSTIBLES";"p-190";"FILTRO DE ACEITE";"";"Productos Genericos";"materiales inflamables";"";"Unidad";"1,000";"0,000";"$ 21.817,4";" 0,0";"$ 0,0";"$ 21.817,4";"$ 21.817,46";"";"";"";"";"Activo";"";"";"Vehículos y maquinarias";"";"0";"0,000";""
"Camino Truncado, Puente Alto y La Chimbera";"ACEITES Y COMBUSTIBLES";"p-190";"FILTRO DE ACEITE";"";"Productos Genericos";"materiales inflamables";"";"Unidad";"0,000";"0,000";"$ 0,0";" 0,0";"$ 0,0";"$ 0,0";"$ 0,00";"";"";"";"00-00-0000";"Activo";"";"";"Maquinarias";"";"0";"0,000";""
"El espejo";"ACEITES Y COMBUSTIBLES";"p-196";"FILTRO DE AIRE";"";"Productos Genericos";"materiales inflamables";"";"Unidad";"1,000";"0,000";"$ 31.363,5";" 0,0";"$ 0,0";"$ 31.363,5";"$ 31.363,50";"";"";"";"";"Activo";"";"";"Vehículos y maquinarias";"";"0";"0,000";""
"Camino Truncado, Puente Alto y La Chimbera";"ACEITES Y COMBUSTIBLES";"p-196";"FILTRO DE AIRE";"";"Productos Genericos";"materiales inflamables";"";"Unidad";"0,000";"0,000";"$ 0,0";" 0,0";"$ 0,0";"$ 0,0";"$ 0,00";"";"";"";"00-00-0000";"Activo";"";"";"";"";"0";"0,000";""
"Camino Truncado, Puente Alto y La Chimbera";"FITOSANITARIOS";"p-94";"Formidol";"";"Productos Genericos";"Hormiguicida";"";"Kilos";"-30,000";"0,000";"$ 0,0";" 19,0";"$ 0,0";"$ 0,0";"$ 0,00";"";"";"";"01-10-2025";"Activo";"";"";"Hormiguicida";"";"0";"0,000";""
"Camino Truncado, Puente Alto y La Chimbera";"HERBICIDAS";"p-101";"FORMIDOL";"";"Productos Genericos";"Hormiguicida";"";"Kilos";"0,000";"0,000";"$ 0,0";" 0,0";"$ 0,0";"$ 0,0";"$ 0,00";"";"";"";"00-00-0000";"Activo";"";"";"Hormiguicida";"";"0";"0,000";""
"El espejo";"HERBICIDA";"p-101";"FORMIDOR";"";"Productos Genericos";"Hormiguicida";"";"Kilos";"76,860";"0,000";"$ 0,0";" 19,0";"$ 0,0";"$ 0,0";"$ 0,00";"";"";"";"27-10-2025";"Activo";"";"";"Hormiguicida";"";"0";"0,000";""
"El espejo";"FITOSANITARIOS";"EPP3";"GAFAS LIBUS";"";"Productos Genericos";"Equipos de protección";"Antiparras";"Unidad";"0,000";"0,000";"$ 0,0";" 19,0";"$ 0,0";"$ 0,0";"$ 0,00";"";"";"";"30-07-2025";"Activo";"";"";"Recursos Humanos";"";"0";"0,000";""
"El espejo";"FITOSANITARIOS";"p-56";"GAFAS OSCURAS DP";"";"Productos Genericos";"";"";"Unidad";"0,000";"0,000";"$ 0,0";" 19,0";"$ 0,0";"$ 0,0";"$ 0,00";"";"";"";"24-07-2023";"Activo";"";"";"Recursos Humanos";"";"0";"0,000";""
"El espejo";"FITOSANITARIOS";"EPP4";"GAFAS TRANSPARENTES LUSQTOFF";"";"Productos Genericos";"Equipos de protección";"Antiparras";"Unidad";"0,000";"0,000";"$ 0,0";" 19,0";"$ 0,0";"$ 0,0";"$ 0,00";"";"";"";"27-10-2025";"Activo";"";"";"Administración";"";"0";"0,000";""
"Camino Truncado, Puente Alto y La Chimbera";"HERBICIDAS";"p-301";"GALAN";"";"Productos Genericos";"Herbicida";"";"Litros";"-473,833";"0,000";"$ 0,0";" 19,0";"$ 0,0";"$ 0,0";"-$ 0,00";"";"";"";"26-01-2026";"Activo";"";"";"Herbicida";"";"0";"0,000";""
"El espejo";"HERBICIDA";"p-301";"GALAN";"";"Productos Genericos";"Herbicida";"";"Litros";"0,000";"0,000";"$ 0,0";" 0,0";"$ 0,0";"$ 0,0";"$ 0,00";"";"";"";"00-00-0000";"Activo";"";"";"Herbicidas";"";"0";"0,000";""
"El espejo";"ACEITES Y COMBUSTIBLES";"p-122";"GASOIL";"";"Combustibles, Aceites ...";"materiales inflamables";"";"Litros";"5.524,280";"0,000";"$ 1,0";" 19,0";"$ 0,0";"$ 1,1";"$ 6.573,89";"";"";"";"03-12-2025";"Activo";"";"";"Combustible";"";"0";"0,000";""
"Camino Truncado, Puente Alto y La Chimbera";"ACEITES Y COMBUSTIBLES";"p-122";"GASOIL";"";"Combustibles, Aceites ...";"materiales inflamables";"";"Litros";"5.363,000";"0,000";"$ 1.035,1";" 0,0";"$ 434,8";"$ 1.470,0";"$ 7.883.615,36";"";"";"";"19-01-2026";"Activo";"";"";"Combustible";"";"0";"0,000";""
"El espejo";"ACEITES Y COMBUSTIBLES";"p-201";"GASOIL INFINIA";"";"Productos Genericos";"materiales inflamables";"";"Kilos";"1.000,000";"0,000";"$ 1.266,3";" 19,0";"$ 0,0";"$ 1.506,9";"$ 1.506.945,00";"";"";"";"";"Activo";"";"";"Combustible";"";"0";"0,000";""
"Camino Truncado, Puente Alto y La Chimbera";"ACEITES Y COMBUSTIBLES";"p-201";"GASOIL INFINIA";"";"Productos Genericos";"materiales inflamables";"";"Kilos";"0,000";"0,000";"$ 0,0";" 0,0";"$ 0,0";"$ 0,0";"$ 0,00";"";"";"";"00-00-0000";"Activo";"";"";"Combustible";"";"0";"0,000";""
"Camino Truncado, Puente Alto y La Chimbera";"FITOSANITARIOS";"p-63";"GIBERELINA-kgs";"";"Productos Genericos";"Fitosanitarios";"";"Kilos";"5,924";"0,000";"$ 0,0";" 0,0";"$ 0,0";"$ 0,0";"$ 0,00";"";"";"";"10-12-2025";"Activo";"";"";"Fitosanitarios";"";"0";"0,000";""
"El espejo";"FITOSANITARIOS";"p-63";"GIBERELINA-kgs";"";"Productos Genericos";"Fitosanitarios";"";"Kilos";"32.391,600";"0,000";"$ 1,0";" 19,0";"$ 0,0";"$ 1,1";"$ 38.546,00";"";"";"";"13-11-2025";"Activo";"";"";"Fitosanitarios";"";"0";"0,000";""
"El espejo";"FITOSANITARIOS";"p-116";"GIBERELINA-lts";"";"Producto Químicos";"Fitosanitarios";"";"Litros";"12,000";"0,000";"$ 1,0";" 19,0";"$ 0,0";"$ 1,1";"$ 14,28";"";"";"";"05-03-2025";"Activo";"";"";"Insumo fitosanitario";"";"0";"0,000";""
"Camino Truncado, Puente Alto y La Chimbera";"FITOSANITARIOS";"p-116";"GIBERELINA-lts";"";"Producto Químicos";"Fitosanitarios";"";"Litros";"15,308";"0,000";"$ 0,0";" 0,0";"$ 0,0";"$ 0,0";"$ 0,01";"";"";"";"10-12-2025";"Activo";"";"";"Fitosanitarios";"";"0";"0,000";""
"Camino Truncado, Puente Alto y La Chimbera";"HERBICIDAS";"p-302";"GLISFOSATO";"";"Productos Genericos";"Herbicida";"";"Litros";"-23,758";"0,000";"$ 0,0";" 19,0";"$ 0,0";"$ 0,0";"$ 0,00";"";"";"";"13-01-2026";"Activo";"";"";"Herbicida";"";"0";"0,000";""
"El espejo";"HERBICIDA";"p-302";"GLISFOSATO";"";"Productos Genericos";"Herbicida";"";"Litros";"0,000";"0,000";"$ 0,0";" 0,0";"$ 0,0";"$ 0,0";"$ 0,00";"";"";"";"00-00-0000";"Activo";"";"";"";"";"0";"0,000";""
"Camino Truncado, Puente Alto y La Chimbera";"HERBICIDAS";"p-138";"GRAMINI";"";"Productos Genericos";"Herbicida";"";"Litros";"7,000";"0,000";"$ 0,0";" 19,0";"$ 0,0";"$ 0,0";"$ 0,00";"";"";"";"07-01-2026";"Activo";"";"";"Herbicida";"";"0";"0,000";""
"El espejo";"HERBICIDA";"p-138";"GRAMINI";"";"Productos Genericos";"Herbicida";"";"Litros";"0,000";"0,000";"$ 0,0";" 0,0";"$ 0,0";"$ 0,0";"$ 0,00";"";"";"";"00-00-0000";"Activo";"";"";"";"";"0";"0,000";""
"El espejo";"ACEITES Y COMBUSTIBLES";"p-50";"GRASA";"";"Productos Genericos";"Aceites";"";"Kilos";"5,000";"0,000";"$ 0,0";" 0,0";"$ 0,0";"$ 0,0";"$ 0,00";"";"";"";"27-10-2025";"Activo";"";"";"Combustible";"";"0";"0,000";""
"Camino Truncado, Puente Alto y La Chimbera";"ACEITES Y COMBUSTIBLES";"p-50";"GRASA";"";"Productos Genericos";"Aceites";"";"Kilos";"200,000";"0,000";"$ 0,0";" 0,0";"$ 0,0";"$ 0,0";"$ 0,00";"";"";"";"23-08-2023";"Activo";"";"";"Combustible";"";"0";"0,000";""
"El espejo";"FITOSANITARIOS";"EPP1";"GUANTES DE DESCARNE";"";"Productos Genericos";"Equipos de protección";"Guantes";"Pares";"50,000";"0,000";"$ 0,0";" 19,0";"$ 0,0";"$ 0,0";"$ 0,00";"";"";"";"27-10-2025";"Activo";"";"";"Administración";"";"0";"0,000";""
"El espejo";"FITOSANITARIOS";"p-57";"GUANTES DE LATEX ";"";"Productos Genericos";"";"";"Pares";"0,000";"0,000";"$ 0,0";" 19,0";"$ 0,0";"$ 0,0";"$ 0,00";"";"";"";"12-01-2024";"Activo";"";"";"Administración";"";"0";"0,000";""
"El espejo";"FITOSANITARIOS";"EPP2";"GUANTES MOTEADO";"";"Productos Genericos";"Equipos de protección";"Guantes";"Pares";"156,000";"0,000";"$ 993,6";" 19,0";"$ 0,0";"$ 1.182,3";"$ 184.451,90";"";"";"";"27-10-2025";"Activo";"";"";"Administración";"";"0";"0,000";"Pares"
"Camino Truncado, Puente Alto y La Chimbera";"HERBICIDAS";"p-114";"HORMI FAV";"";"Productos Genericos";"Hormiguicida";"";"Kilos";"235,000";"0,000";"$ 0,0";" 0,0";"$ 0,0";"$ 0,0";"$ 0,00";"";"";"";"15-10-2025";"Activo";"";"";"Hormiguicida";"";"0";"0,000";""
"Camino Truncado, Puente Alto y La Chimbera";"FITOSANITARIOS";"p-114";"HORMI FAV";"";"Productos Genericos";"Hormiguicida";"";"Kilos";"235,000";"0,000";"$ 0,0";" 0,0";"$ 0,0";"$ 0,0";"$ 0,23";"";"";"";"15-10-2025";"Desactivo";"";"";"Hormiguicida";"";"0";"0,000";""
"El espejo";"HERBICIDA";"p-350";"HORMIFAV";"";"Productos Genericos";"Hormiguicida";"";"Litros";"1.090,000";"0,000";"$ 1,0";" 19,0";"$ 0,0";"$ 1,1";"$ 1.297,10";"";"";"";"00-00-0000";"Activo";"";"";"Hormiguicida";"";"0";"0,000";""
"Camino Truncado, Puente Alto y La Chimbera";"HERBICIDAS";"p-350";"HORMIFOR";"";"Productos Genericos";"Hormiguicida";"";"Litros";"0,000";"0,000";"$ 0,0";" 19,0";"$ 0,0";"$ 0,0";"$ 0,00";"";"";"";"";"Activo";"";"";"Hormiguicida";"";"0";"0,000";""
"Camino Truncado, Puente Alto y La Chimbera";"FITOSANITARIOS";"p-150";"Hormiguicida Formidoble";"";"Productos Genericos";"Hormiguicida";"";"Kilos";"100,000";"0,000";"$ 0,0";" 0,0";"$ 0,0";"$ 0,0";"$ 0,10";"";"";"";"";"Activo";"";"";"Hormiguicida";"";"0";"0,000";""
"Camino Truncado, Puente Alto y La Chimbera";"FITOSANITARIOS";"p-151";"Intrepid ";"";"Productos Genericos";"Fitosanitarios";"";"Litros";"1,958";"0,000";"$ 0,0";" 0,0";"$ 0,0";"$ 0,0";"$ 0,00";"";"";"";"11-11-2025";"Activo";"";"";"Fitosanitarios";"";"0";"0,000";""
"El espejo";"FITOSANITARIOS";"p-151";"Intrepid ";"";"Productos Genericos";"Fitosanitarios";"";"Litros";"9,952";"0,000";"$ 1,0";" 19,0";"$ 0,0";"$ 1,1";"$ 11,84";"";"";"";"13-11-2025";"Activo";"";"";"Fitosanitarios";"";"0";"0,000";""
"El espejo";"FITOSANITARIOS";"p-188";"KARATHANE";"";"Productos Genericos";"Fitosanitarios";"";"Litros";"0,840";"0,000";"$ 67.776,0";" 19,0";"$ 0,0";"$ 80.653,4";"$ 67.748,89";"";"";"";"19-11-2025";"Activo";"";"";"Fitosanitarios";"";"0";"0,000";""
"Camino Truncado, Puente Alto y La Chimbera";"FITOSANITARIOS";"p-188";"KARATHANE";"";"Productos Genericos";"Fitosanitarios";"";"Litros";"0,000";"0,000";"$ 0,0";" 0,0";"$ 0,0";"$ 0,0";"$ 0,00";"";"";"";"00-00-0000";"Activo";"";"";"Fitosanitarios";"";"0";"0,000";""
"Camino Truncado, Puente Alto y La Chimbera";"HERBICIDAS";"p-303";"KATANA";"";"Productos Genericos";"Herbicida";"";"Litros";"85,000";"0,000";"$ 0,0";" 0,0";"$ 0,0";"$ 0,0";"$ 0,08";"";"";"";"";"Activo";"";"";"Herbicida";"";"0";"0,000";""
"El espejo";"HERBICIDA";"p-303";"KATANA";"";"Productos Genericos";"Herbicida";"";"Litros";"0,000";"0,000";"$ 0,0";" 0,0";"$ 0,0";"$ 0,0";"$ 0,00";"";"";"";"00-00-0000";"Activo";"";"";"Herbicidas";"";"0";"0,000";""
"El espejo";"FITOSANITARIOS";"p-105";"KELPA";"";"Productos Genericos";"Fitosanitarios";"";"Litros";"0,000";"0,000";"$ 0,0";" 19,0";"$ 0,0";"$ 0,0";"$ 0,00";"";"";"";"";"Activo";"";"";"Fitosanitarios";"";"0";"0,000";""
"Camino Truncado, Puente Alto y La Chimbera";"FITOSANITARIOS";"p-105";"KELPA";"";"Productos Genericos";"Fitosanitarios";"";"Litros";"0,000";"0,000";"$ 0,0";" 0,0";"$ 0,0";"$ 0,0";"$ 0,00";"";"";"";"00-00-0000";"Activo";"";"";"Fitosanitarios";"";"0";"0,000";""
"Camino Truncado, Puente Alto y La Chimbera";"FITOSANITARIOS";"p-126";"MANCOZEB";"";"Productos Genericos";"Fitosanitarios";"";"Kilos";"125,000";"0,000";"$ 0,0";" 19,0";"$ 0,0";"$ 0,0";"$ 0,00";"";"";"";"";"Activo";"";"";"Fitosanitarios";"";"0";"0,000";""
"El espejo";"FITOSANITARIOS";"p-126";"MANCOZEB";"";"Productos Genericos";"Fitosanitarios";"";"Kilos";"0,000";"0,000";"$ 0,0";" 0,0";"$ 0,0";"$ 0,0";"$ 0,00";"";"";"";"00-00-0000";"Activo";"";"";"Fitosanitarios";"";"0";"0,000";""
"Camino Truncado, Puente Alto y La Chimbera";"FITOSANITARIOS";"p-92";"MAP";"";"Productos Genericos";"Fitosanitarios";"";"Kilos";"1.906,955";"0,000";"$ 0,0";" 0,0";"$ 0,0";"$ 0,0";"$ 19,07";"";"";"";"14-11-2025";"Activo";"";"";"Fertilizantes";"";"0";"0,000";""
"Camino Truncado, Puente Alto y La Chimbera";"HERBICIDAS";"p-300";"MCPA";"";"Productos Genericos";"Herbicida";"";"Litros";"190,104";"0,000";"$ 0,0";" 0,0";"$ 0,0";"$ 0,0";"$ 0,19";"";"";"";"13-01-2026";"Activo";"";"";"Herbicida";"";"0";"0,000";""
"El espejo";"HERBICIDA";"p-300";"MCPA";"";"Productos Genericos";"Herbicida";"";"Litros";"0,000";"0,000";"$ 0,0";" 0,0";"$ 0,0";"$ 0,0";"$ 0,00";"";"";"";"00-00-0000";"Activo";"";"";"Herbicidas";"";"0";"0,000";""
"El espejo";"ACEITES Y COMBUSTIBLES";"p-121";"NAFTA";"";"Combustibles, Aceites ...";"materiales inflamables";"";"Litros";"46,790";"0,000";"$ 1.016,0";" 19,0";"$ 0,0";"$ 1.209,0";"$ 56.570,98";"";"";"";"10-11-2025";"Activo";"";"";"Combustible";"";"0";"0,000";""
"Camino Truncado, Puente Alto y La Chimbera";"ACEITES Y COMBUSTIBLES";"p-121";"NAFTA";"";"Combustibles, Aceites ...";"materiales inflamables";"";"Litros";"0,000";"0,000";"$ 0,0";" 0,0";"$ 0,0";"$ 0,0";"$ 0,00";"";"";"";"30-10-2024";"Activo";"";"";"Combustible";"";"0";"0,000";""
"El espejo";"FITOSANITARIOS";"p-108";"NITRATO DE CALCIO";"";"Producto Químicos";"Fitosanitarios";"";"Kilos";"779,000";"0,000";"$ 1,0";" 19,0";"$ 0,0";"$ 1,1";"$ 927,01";"";"";"";"03-12-2025";"Activo";"";"";"Insumo fitosanitario";"";"0";"0,000";""
"Camino Truncado, Puente Alto y La Chimbera";"FITOSANITARIOS";"p-108";"NITRATO DE CALCIO";"";"Producto Químicos";"Fitosanitarios";"";"Kilos";"472,088";"0,000";"$ 0,0";" 0,0";"$ 0,0";"$ 0,0";"$ 0,47";"";"";"";"10-12-2025";"Activo";"";"";"Fitosanitarios";"";"0";"0,000";""
"El espejo";"FERTILIZANTES";"p-203";"NITRON";"";"Productos Genericos";"Fertilizantes";"";"Litros";"0,000";"0,000";"$ 0,0";" 0,0";"$ 0,0";"$ 0,0";"$ 0,00";"";"";"";"22-04-2025";"Activo";"";"";"Fertilizantes";"";"0";"0,000";""
"Camino Truncado, Puente Alto y La Chimbera";"FERTILIZANTES";"p-203";"NITRON";"";"Productos Genericos";"Fertilizantes";"";"Litros";"0,000";"0,000";"$ 0,0";" 19,0";"$ 0,0";"$ 0,0";"$ 0,00";"";"";"";"";"Activo";"";"";"Fertilizantes";"";"0";"0,000";""
"El espejo";"FITOSANITARIOS";"p-203";"NITRON";"";"Productos Genericos";"Fertilizantes";"";"Litros";"0,000";"0,000";"$ 0,0";" 0,0";"$ 0,0";"$ 0,0";"$ 0,00";"";"";"";"22-04-2025";"Activo";"";"";"Fertilizantes";"";"0";"0,000";""
"El espejo";"FERTILIZANTES";"p-88";"NUTRI  1516 M";"";"Productos Genericos";"Fertilizantes";"";"Litros";"0,000";"0,000";"$ 0,0";" 0,0";"$ 0,0";"$ 0,0";"$ 0,00";"";"";"";"01-05-2025";"Activo";"";"";"Fertilizantes";"";"0";"0,000";""
"El espejo";"FITOSANITARIOS";"p-88";"NUTRI  1516 M";"";"Productos Genericos";"Fertilizantes";"";"Litros";"0,000";"0,000";"$ 0,0";" 19,0";"$ 0,0";"$ 0,0";"$ 0,00";"";"";"";"01-05-2025";"Desactivo";"";"";"Fertilizantes";"";"0";"0,000";""
"Camino Truncado, Puente Alto y La Chimbera";"FERTILIZANTES";"p-88";"NUTRI  1516 M";"";"Productos Genericos";"Fertilizantes";"";"Litros";"-194,523";"0,000";"$ 0,0";" 0,0";"$ 0,0";"$ 0,0";"-$ 0,00";"";"";"";"30-12-2025";"Activo";"";"";"Fertilizantes";"";"0";"0,000";""
"El espejo";"FERTILIZANTES";"p-90";"NUTRI  1609 M";"";"Productos Genericos";"Fertilizantes";"";"Litros";"0,000";"0,000";"$ 0,0";" 0,0";"$ 0,0";"$ 0,0";"$ 0,00";"";"";"";"11-04-2025";"Activo";"";"";"Fertilizantes";"";"0";"0,000";""
"Camino Truncado, Puente Alto y La Chimbera";"FERTILIZANTES";"p-90";"NUTRI  1609 M";"";"Productos Genericos";"Fertilizantes";"";"Litros";"0,000";"0,000";"$ 0,0";" 19,0";"$ 0,0";"$ 0,0";"$ 0,00";"";"";"";"22-04-2025";"Activo";"";"";"Fertilizantes";"";"0";"0,000";""
"El espejo";"FITOSANITARIOS";"p-90";"NUTRI  1609 M";"";"Productos Genericos";"Fertilizantes";"";"Litros";"0,000";"0,000";"$ 0,0";" 0,0";"$ 0,0";"$ 0,0";"$ 0,00";"";"";"";"11-04-2025";"Desactivo";"";"";"Fertilizantes";"";"0";"0,000";""
"Camino Truncado, Puente Alto y La Chimbera";"FERTILIZANTES";"p-169";"Nutri 050 V";"";"Productos Genericos";"Fertilizantes";"";"Litros";"791,741";"0,000";"$ 0,0";" 0,0";"$ 0,0";"$ 0,0";"$ 0,79";"";"";"";"06-03-2026";"Activo";"";"";"Fertilizantes";"";"0";"0,000";""
"El espejo";"FERTILIZANTES";"p-156";"NUTRI 1075 M";"";"Productos Genericos";"Fertilizantes";"";"Litros";"6.756,000";"0,000";"$ 1,0";" 19,0";"$ 0,0";"$ 1,1";"$ 8.039,64";"";"";"";"24-02-2026";"Activo";"";"";"Fertilizantes";"";"0";"0,000";""
"Camino Truncado, Puente Alto y La Chimbera";"FERTILIZANTES";"p-156";"NUTRI 1075 M";"";"Productos Genericos";"Fertilizantes";"";"Litros";"0,000";"0,000";"$ 0,0";" 0,0";"$ 0,0";"$ 0,0";"$ 0,00";"";"";"";"00-00-0000";"Desactivo";"";"";"Fertilizantes";"";"0";"0,000";""
"Camino Truncado, Puente Alto y La Chimbera";"FERTILIZANTES";"p-144";"Nutri 1075M";"";"Productos Genericos";"Fertilizantes";"";"Litros";"23.784,544";"0,000";"$ 0,0";" 0,0";"$ 0,0";"$ 0,0";"$ 23,78";"";"";"";"06-03-2026";"Activo";"";"";"Fertilizantes";"";"0";"0,000";""
"El espejo";"FERTILIZANTES";"p-84";"NUTRI 1406 M";"";"Productos Genericos";"Fertilizantes";"";"Litros";"0,000";"0,000";"$ 0,0";" 0,0";"$ 0,0";"$ 0,0";"$ 0,00";"";"";"";"01-05-2025";"Activo";"";"";"Fertilizantes";"";"0";"0,000";""
"Camino Truncado, Puente Alto y La Chimbera";"FERTILIZANTES";"p-84";"NUTRI 1406 M";"";"Productos Genericos";"Fertilizantes";"";"Litros";"0,000";"0,000";"$ 0,0";" 19,0";"$ 0,0";"$ 0,0";"$ 0,00";"";"";"";"03-04-2025";"Activo";"";"";"Fertilizantes";"";"0";"0,000";""
"El espejo";"FITOSANITARIOS";"p-84";"NUTRI 1406 M";"";"Productos Genericos";"Fertilizantes";"";"Litros";"0,000";"0,000";"$ 0,0";" 0,0";"$ 0,0";"$ 0,0";"$ 0,00";"";"";"";"01-05-2025";"Desactivo";"";"";"Fertilizantes";"";"0";"0,000";""
"El espejo";"FERTILIZANTES";"p-152";"NUTRI 1683 M";"";"Productos Genericos";"Fertilizantes";"";"Litros";"13.109,000";"0,000";"$ 1,0";" 19,0";"$ 0,0";"$ 1,1";"$ 15.599,71";"";"";"";"24-02-2026";"Activo";"";"";"Fertilizantes";"";"0";"0,000";""
"Camino Truncado, Puente Alto y La Chimbera";"FERTILIZANTES";"p-152";"NUTRI 1683 M";"";"Productos Genericos";"Fertilizantes";"";"Litros";"15.111,064";"0,000";"$ 0,0";" 0,0";"$ 0,0";"$ 0,0";"$ 15,11";"";"";"";"27-02-2026";"Activo";"";"";"Fertilizantes";"";"0";"0,000";""
"El espejo";"FERTILIZANTES";"p-154";"NUTRI 1684 M ";"";"Productos Genericos";"Fertilizantes";"";"Litros";"5,000";"0,000";"$ 1,0";" 19,0";"$ 0,0";"$ 1,1";"$ 5,95";"";"";"";"24-02-2026";"Activo";"";"";"Fertilizantes";"";"0";"0,000";""
"Camino Truncado, Puente Alto y La Chimbera";"FERTILIZANTES";"p-154";"NUTRI 1684 M ";"";"Productos Genericos";"Fertilizantes";"";"Litros";"5.002,601";"0,000";"$ 0,0";" 0,0";"$ 0,0";"$ 0,0";"$ 5,00";"";"";"";"05-01-2026";"Activo";"";"";"Fertilizantes";"";"0";"0,000";""
"El espejo";"FITOSANITARIOS";"p-117";"OPONENTE";"";"Productos Genericos";"Fitosanitarios";"";"Litros";"7,000";"0,000";"$ 0,0";" 0,0";"$ 0,0";"$ 0,0";"$ 0,00";"";"";"";"24-02-2025";"Activo";"";"";"Insumo fitosanitario";"";"0";"0,000";""
"Camino Truncado, Puente Alto y La Chimbera";"FITOSANITARIOS";"p-117";"OPONENTE";"";"Productos Genericos";"Fitosanitarios";"";"Litros";"12,000";"0,000";"$ 0,0";" 0,0";"$ 0,0";"$ 0,0";"$ 0,00";"";"";"";"31-10-2024";"Activo";"";"";"Fitosanitarios";"";"0";"0,000";""
"El espejo";"HERBICIDA";"p-99";"PARAQUAT";"";"Productos Genericos";"Herbicida";"";"Litros";"541,092";"0,000";"$ 4.256,1";" 19,0";"$ 0,0";"$ 5.064,8";"$ 2.740.558,47";"";"";"";"02-12-2025";"Activo";"";"";"Herbicidas";"";"0";"0,000";""
"Camino Truncado, Puente Alto y La Chimbera";"HERBICIDAS";"p-99";"PARAQUAT";"";"Productos Genericos";"Herbicida";"";"Litros";"0,500";"0,000";"$ 0,0";" 0,0";"$ 0,0";"$ 0,0";"$ 0,00";"";"";"";"20-10-2025";"Activo";"";"";"Herbicida";"";"0";"0,000";""
"El espejo";"ACEITES Y COMBUSTIBLES";"p-128";"postes de 3 mts";"";"Productos Genericos";"Aceites";"";"Unidad";"0,000";"0,000";"$ 0,0";" 19,0";"$ 0,0";"$ 0,0";"$ 0,00";"";"";"";"11-08-2025";"Activo";"";"";"Combustible";"";"0";"0,000";""
"Camino Truncado, Puente Alto y La Chimbera";"FITOSANITARIOS";"p-93";"Potasio";"";"Productos Genericos";"Fitosanitarios";"";"Kilos";"8.029,955";"0,000";"$ 0,0";" 0,0";"$ 0,0";"$ 0,0";"$ 80,30";"";"";"";"14-11-2025";"Activo";"";"";"Fitosanitarios";"";"0";"0,000";""
"El espejo";"FITOSANITARIOS";"p-107";"POWER PLUS";"";"Productos Genericos";"Fitosanitarios";"";"Litros";"23,000";"0,000";"$ 0,0";" 19,0";"$ 0,0";"$ 0,0";"$ 0,00";"";"";"";"03-06-2025";"Activo";"";"";"Fitosanitarios";"";"0";"0,000";""
"Camino Truncado, Puente Alto y La Chimbera";"FITOSANITARIOS";"p-107";"POWER PLUS";"";"Productos Genericos";"Fitosanitarios";"";"Litros";"0,000";"0,000";"$ 0,0";" 0,0";"$ 0,0";"$ 0,0";"$ 0,00";"";"";"";"00-00-0000";"Activo";"";"";"Fitosanitarios";"";"0";"0,000";""
"El espejo";"FITOSANITARIOS";"p-103";"PULSAR";"";"Productos Genericos";"Fitosanitarios";"";"Litros";"2,540";"0,000";"$ 0,0";" 19,0";"$ 0,0";"$ 0,0";"$ 0,00";"";"";"";"";"Activo";"";"";"Fitosanitarios";"";"0";"0,000";""
"Camino Truncado, Puente Alto y La Chimbera";"FITOSANITARIOS";"p-103";"PULSAR";"";"Productos Genericos";"Fitosanitarios";"";"Litros";"0,000";"0,000";"$ 0,0";" 0,0";"$ 0,0";"$ 0,0";"$ 0,00";"";"";"";"00-00-0000";"Activo";"";"";"Fitosanitarios";"";"0";"0,000";""
"El espejo";"FITOSANITARIOS";"p-167";"QUINTEC";"";"Productos Genericos";"Fitosanitarios";"";"Litros";"2,511";"0,000";"$ 1,0";" 19,0";"$ 0,0";"$ 1,1";"$ 2,98";"";"";"";"03-12-2025";"Activo";"";"";"Fitosanitarios";"";"0";"0,000";""
"Camino Truncado, Puente Alto y La Chimbera";"FITOSANITARIOS";"p-167";"QUINTEC";"";"Productos Genericos";"Fitosanitarios";"";"Litros";"0,000";"0,000";"$ 0,0";" 0,0";"$ 0,0";"$ 0,0";"$ 0,00";"";"";"";"00-00-0000";"Activo";"";"";"Fitosanitarios";"";"0";"0,000";""
"El espejo";"ACEITES Y COMBUSTIBLES";"p-136";"Rodrigon 2,5 mts";"";"Productos Genericos";"Aceites";"";"Unidad";"3.776,000";"0,000";"$ 0,0";" 19,0";"$ 0,0";"$ 0,0";"$ 0,00";"";"";"";"";"Activo";"";"";"Combustible";"";"0";"0,000";""
"Camino Truncado, Puente Alto y La Chimbera";"FITOSANITARIOS";"p-149";"Roundup Top";"";"Productos Genericos";"Herbicida";"";"Litros";"300,000";"0,000";"$ 0,0";" 0,0";"$ 0,0";"$ 0,0";"$ 0,30";"";"";"";"";"Desactivo";"";"";"Herbicida";"";"0";"0,000";""
"Camino Truncado, Puente Alto y La Chimbera";"HERBICIDAS";"p-149";"Roundup Top";"";"Productos Genericos";"Herbicida";"";"Litros";"81,128";"0,000";"$ 0,0";" 0,0";"$ 0,0";"$ 0,0";"$ 0,00";"";"";"";"13-02-2026";"Activo";"";"";"Herbicida";"";"0";"0,000";""
"El espejo";"HERBICIDA";"p-149";"Roundup Top";"";"Productos Genericos";"Herbicida";"";"Litros";"80,000";"0,000";"$ 1,0";" 19,0";"$ 0,0";"$ 1,1";"$ 95,20";"";"";"";"00-00-0000";"Activo";"";"";"Herbicidas";"";"0";"0,000";""
"Camino Truncado, Puente Alto y La Chimbera";"FERTILIZANTES";"p-140";"Solucion Terra Feed";"";"Productos Genericos";"Fertilizantes";"";"Litros";"142,072";"0,000";"$ 0,0";" 0,0";"$ 0,0";"$ 0,0";"$ 0,14";"";"";"";"28-10-2025";"Activo";"";"";"Fertilizantes";"";"0";"0,000";""
"El espejo";"FERTILIZANTES";"p-140";"Solucion Terra Feed";"";"Productos Genericos";"Fertilizantes";"";"Litros";"-1.033,000";"0,000";"$ 0,0";" 0,0";"$ 0,0";"$ 0,0";"-$ 0,00";"";"";"";"17-10-2025";"Activo";"";"";"Fertilizantes";"";"0";"0,000";""
"Camino Truncado, Puente Alto y La Chimbera";"FERTILIZANTES";"p-141";"Solucion Terra Max";"";"Productos Genericos";"Fertilizantes";"";"Litros";"55,465";"0,000";"$ 0,0";" 0,0";"$ 0,0";"$ 0,0";"$ 0,05";"";"";"";"28-10-2025";"Activo";"";"";"Fertilizantes";"";"0";"0,000";""
"El espejo";"FERTILIZANTES";"p-141";"Solucion Terra Max";"";"Productos Genericos";"Fertilizantes";"";"Litros";"-33,000";"0,000";"$ 0,0";" 0,0";"$ 0,0";"$ 0,0";"-$ 0,00";"";"";"";"17-10-2025";"Activo";"";"";"Fertilizantes";"";"0";"0,000";""
"El espejo";"FITOSANITARIOS";"p-130";"STOLLER";"";"Productos Genericos";"Fitosanitarios";"";"Litros";"29,500";"0,000";"$ 0,0";" 0,0";"$ 0,0";"$ 0,0";"$ 0,00";"";"";"";"26-02-2025";"Activo";"";"";"Insumo fitosanitario";"";"0";"0,000";""
"Camino Truncado, Puente Alto y La Chimbera";"FITOSANITARIOS";"p-130";"STOLLER";"";"Productos Genericos";"Fitosanitarios";"";"Litros";"29,500";"0,000";"$ 0,0";" 0,0";"$ 0,0";"$ 0,0";"$ 0,00";"";"";"";"11-11-2024";"Activo";"";"";"Fitosanitarios";"";"0";"0,000";""
"El espejo";"FITOSANITARIOS";"p-110";"SULFATO DE MAGNESIO X 25 K MANUCHARD ";"";"Producto Químicos";"Fitosanitarios";"";"Kilos";"361,800";"0,000";"$ 1,0";" 19,0";"$ 0,0";"$ 1,1";"$ 430,54";"";"";"";"12-11-2025";"Activo";"";"";"Insumo fitosanitario";"";"0";"0,000";""
"Camino Truncado, Puente Alto y La Chimbera";"FITOSANITARIOS";"p-110";"SULFATO DE MAGNESIO X 25 K MANUCHARD ";"";"Producto Químicos";"Fitosanitarios";"";"Kilos";"172,032";"0,000";"$ 0,0";" 0,0";"$ 0,0";"$ 0,0";"$ 0,17";"";"";"";"27-11-2025";"Activo";"";"";"Fitosanitarios";"";"0";"0,000";""
"Camino Truncado, Puente Alto y La Chimbera";"FITOSANITARIOS";"p-147";"Sulfato de Potasio";"";"Productos Genericos";"Fitosanitarios";"";"Kilos";"-1.703,831";"0,000";"$ 0,0";" 0,0";"$ 0,0";"$ 0,0";"$ 0,00";"";"";"";"05-12-2025";"Activo";"";"";"Fitosanitarios";"";"0";"0,000";""
"El espejo";"FITOSANITARIOS";"p-147";"Sulfato de Potasio";"";"Productos Genericos";"Fitosanitarios";"";"Kilos";"-3,200";"0,000";"$ 1,0";" 19,0";"$ 0,0";"$ 1,1";"$ 0,00";"";"";"";"03-12-2025";"Activo";"";"";"Fitosanitarios";"";"0";"0,000";""
"El espejo";"FITOSANITARIOS";"p-111";"SULFATO DE ZINC";"";"Producto Químicos";"Fitosanitarios";"";"Kilos";"1.069,000";"0,000";"$ 1,0";" 19,0";"$ 0,0";"$ 1,1";"$ 1.272,11";"";"";"";"03-12-2025";"Activo";"";"";"Insumo fitosanitario";"";"0";"0,000";""
"Camino Truncado, Puente Alto y La Chimbera";"FITOSANITARIOS";"p-111";"SULFATO DE ZINC";"";"Producto Químicos";"Fertilizantes";"";"Kilos";"528,920";"0,000";"$ 0,0";" 0,0";"$ 0,0";"$ 0,0";"$ 0,52";"";"";"";"27-11-2025";"Activo";"";"";"Fertilizantes";"";"0";"0,000";""
"El espejo";"HERBICIDA";"p-114";"TACOMA TEBUCONAZALE 43% X 5 L";"";"Producto Químicos";"Fitosanitarios";"";"Litros";"0,000";"0,000";"$ 0,0";" 19,0";"$ 0,0";"$ 0,0";"$ 0,00";"";"";"";"27-02-2025";"Activo";"";"";"Insumo fitosanitario";"";"0";"0,000";""
"El espejo";"FITOSANITARIOS";"p-114";"TACOMA TEBUCONAZALE 43% X 5 L";"";"Producto Químicos";"Fitosanitarios";"";"Litros";"0,000";"0,000";"$ 0,0";" 0,0";"$ 0,0";"$ 0,0";"$ 0,00";"";"";"";"26-02-2025";"Activo";"";"";"Insumo fitosanitario";"";"0";"0,000";""
"Camino Truncado, Puente Alto y La Chimbera";"FITOSANITARIOS";"p-148";"Tacora Tebuconazole";"";"Productos Genericos";"Fitosanitarios";"";"Litros";"9,281";"0,000";"$ 0,0";" 0,0";"$ 0,0";"$ 0,0";"$ 0,00";"";"";"";"11-11-2025";"Activo";"";"";"Fitosanitarios";"";"0";"0,000";""
"El espejo";"FITOSANITARIOS";"p-148";"Tacora Tebuconazole";"";"Productos Genericos";"Fitosanitarios";"";"Litros";"-0,395";"0,000";"$ 1,0";" 19,0";"$ 0,0";"$ 1,1";"$ 0,00";"";"";"";"10-11-2025";"Activo";"";"";"Fitosanitarios";"";"0";"0,000";""
"Camino Truncado, Puente Alto y La Chimbera";"FITOSANITARIOS";"p-204";"Tifon";"";"Productos Genericos";"Fitosanitarios";"";"Litros";"80,000";"0,000";"$ 0,0";" 0,0";"$ 0,0";"$ 0,0";"$ 0,08";"";"";"";"";"Activo";"";"";"Fitosanitarios";"";"0";"0,000";""
"El espejo";"FITOSANITARIOS";"p-186";"TOPAS";"";"Productos Genericos";"Fitosanitarios";"";"Litros";"0,880";"0,000";"$ 117.304,0";" 19,0";"$ 0,0";"$ 139.591,7";"$ 122.840,74";"";"";"";"19-11-2025";"Activo";"";"";"Fitosanitarios";"";"0";"0,000";""
"Camino Truncado, Puente Alto y La Chimbera";"FITOSANITARIOS";"p-186";"TOPAS";"";"Productos Genericos";"Fitosanitarios";"";"Litros";"0,000";"0,000";"$ 0,0";" 0,0";"$ 0,0";"$ 0,0";"$ 0,00";"";"";"";"00-00-0000";"Activo";"";"";"Fitosanitarios";"";"0";"0,000";""
"El espejo";"FERTILIZANTES";"p-128";"UREA";"";"Productos Genericos";"Fitosanitarios";"";"Kilos";"0,000";"0,000";"$ 0,0";" 0,0";"$ 0,0";"$ 0,0";"$ 0,00";"";"";"";"06-11-2025";"Activo";"";"";"Fitosanitarios";"";"0";"0,000";""
"El espejo";"FITOSANITARIOS";"p-128";"UREA";"";"Productos Genericos";"Fitosanitarios";"";"Kilos";"4.213,000";"0,000";"$ 1,0";" 19,0";"$ 0,0";"$ 1,1";"$ 5.013,47";"";"";"";"03-12-2025";"Activo";"";"";"Fitosanitarios";"";"0";"0,000";""
"Camino Truncado, Puente Alto y La Chimbera";"FITOSANITARIOS";"p-128";"UREA";"";"Productos Genericos";"Fertilizantes";"";"Kilos";"4.565,384";"0,000";"$ 0,0";" 0,0";"$ 0,0";"$ 0,0";"$ 4,56";"";"";"";"10-12-2025";"Activo";"";"";"Fertilizantes";"";"0";"0,000";""
"Camino Truncado, Puente Alto y La Chimbera";"FERTILIZANTES";"p-128";"UREA";"";"Productos Genericos";"Fertilizantes";"";"Kilos";"265,012";"0,000";"$ 0,0";" 0,0";"$ 0,0";"$ 0,0";"$ 0,00";"";"";"";"05-12-2025";"Activo";"";"";"Fertilizantes";"";"0";"0,000";""
"Camino Truncado, Puente Alto y La Chimbera";"FITOSANITARIOS";"p-180";"VIÑATA";"";"Productos Genericos";"Insumos agrícolas";"";"Unidad";"1.375,000";"0,000";"$ 0,0";" 0,0";"$ 0,0";"$ 0,0";"$ 13,75";"";"";"";"15-10-2025";"Activo";"";"";"Fitosanitarios";"";"0";"0,000";""
"El espejo";"FITOSANITARIOS";"p-180";"VIÑATA";"";"Productos Genericos";"Insumos agrícolas";"";"Unidad";"463,000";"0,000";"$ 1,0";" 19,0";"$ 0,0";"$ 1,1";"$ 550,97";"";"";"";"27-10-2025";"Activo";"";"";"Fitosanitarios";"";"0";"0,000";""
